path,genre,label,clip_id
/kaggle/input/datasets/andradaolteanu/gtzan-dataset-music-genre-classification/Data/genres_original/reggae/reggae.00047.wav,reggae,8,823
/kaggle/input/datasets/andradaolteanu/gtzan-dataset-music-genre-classification/Data/genres_original/country/country.00060.wav,country,2,241
/kaggle/input/datasets/andradaolteanu/gtzan-dataset-music-genre-classification/Data/genres_original/classical/classical.00057.wav,classical,1,181
/kaggle/input/datasets/andradaolteanu/gtzan-dataset-music-genre-classification/Data/genres_original/classical/classical.00095.wav,classical,1,103
/kaggle/input/datasets/andradaolteanu/gtzan-dataset-music-genre-classification/Data/genres_original/hiphop/hiphop.00081.wav,hiphop,4,456
/kaggle/input/datasets/andradaolteanu/gtzan-dataset-music-genre-classification/Data/genres_original/rock/rock.00050.wav,rock,9,997
/kaggle/input/datasets/andradaolteanu/gtzan-dataset-music-genre-classification/Data/genres_original/disco/disco.00098.wav,disco,3,313
/kaggle/input/datasets/andradaolteanu/gtzan-dataset-music-genre-classification/Data/genres_original/disco/disco.00011.wav,disco,3,371
/kaggle/input/datasets/andradaolteanu/gtzan-dataset-music-genre-classification/Data/genres_original/rock/rock.00024.wav,rock,9,998
/kaggle/input/datasets/andradaolteanu/gtzan-dataset-music-genre-classification/Data/genres_original/pop/pop.00055.wav,pop,7,746
/kaggle/input/datasets/andradaolteanu/gtzan-dataset-music-genre-classification/Data/genres_original/jazz/jazz.00042.wav,jazz,5,553
/kaggle/input/datasets/andradaolteanu/gtzan-dataset-music-genre-classification/Data/genres_original/pop/pop.00046.wav,pop,7,749
/kaggle/input/datasets/andradaolteanu/gtzan-dataset-music-genre-classification/Data/genres_original/hiphop/hiphop.00018.wav,hiphop,4,432
/kaggle/input/datasets/andradaolteanu/gtzan-dataset-music-genre-classification/Data/genres_original/metal/metal.00041.wav,metal,6,615
/kaggle/input/datasets/andradaolteanu/gtzan-dataset-music-genre-classification/Data/genres_original/jazz/jazz.00063.wav,jazz,5,558
/kaggle/input/datasets/andradaolteanu/gtzan-dataset-music-genre-classification/Data/genres_original/reggae/reggae.00073.wav,reggae,8,872
/kaggle/input/datasets/andradaolteanu/gtzan-dataset-music-genre-classification/Data/genres_original/classical/classical.00004.wav,classical,1,191
/kaggle/input/datasets/andradaolteanu/gtzan-dataset-music-genre-classification/Data/genres_original/reggae/reggae.00042.wav,reggae,8,806
/kaggle/input/datasets/andradaolteanu/gtzan-dataset-music-genre-classification/Data/genres_original/metal/metal.00013.wav,metal,6,698
/kaggle/input/datasets/andradaolteanu/gtzan-dataset-music-genre-classification/Data/genres_original/disco/disco.00090.wav,disco,3,376
/kaggle/input/datasets/andradaolteanu/gtzan-dataset-music-genre-classification/Data/genres_original/pop/pop.00087.wav,pop,7,792
/kaggle/input/datasets/andradaolteanu/gtzan-dataset-music-genre-classification/Data/genres_original/jazz/jazz.00007.wav,jazz,5,566
/kaggle/input/datasets/andradaolteanu/gtzan-dataset-music-genre-classification/Data/genres_original/hiphop/hiphop.00091.wav,hiphop,4,453
/kaggle/input/datasets/andradaolteanu/gtzan-dataset-music-genre-classification/Data/genres_original/country/country.00051.wav,country,2,203
/kaggle/input/datasets/andradaolteanu/gtzan-dataset-music-genre-classification/Data/genres_original/metal/metal.00035.wav,metal,6,663
/kaggle/input/datasets/andradaolteanu/gtzan-dataset-music-genre-classification/Data/genres_original/hiphop/hiphop.00042.wav,hiphop,4,492
/kaggle/input/datasets/andradaolteanu/gtzan-dataset-music-genre-classification/Data/genres_original/blues/blues.00096.wav,blues,0,55
/kaggle/input/datasets/andradaolteanu/gtzan-dataset-music-genre-classification/Data/genres_original/rock/rock.00011.wav,rock,9,904
/kaggle/input/datasets/andradaolteanu/gtzan-dataset-music-genre-classification/Data/genres_original/blues/blues.00070.wav,blues,0,42
/kaggle/input/datasets/andradaolteanu/gtzan-dataset-music-genre-classification/Data/genres_original/jazz/jazz.00017.wav,jazz,5,571
/kaggle/input/datasets/andradaolteanu/gtzan-dataset-music-genre-classification/Data/genres_original/disco/disco.00099.wav,disco,3,361
/kaggle/input/datasets/andradaolteanu/gtzan-dataset-music-genre-classification/Data/genres_original/jazz/jazz.00004.wav,jazz,5,541
/kaggle/input/datasets/andradaolteanu/gtzan-dataset-music-genre-classification/Data/genres_original/pop/pop.00045.wav,pop,7,765
/kaggle/input/datasets/andradaolteanu/gtzan-dataset-music-genre-classification/Data/genres_original/jazz/jazz.00020.wav,jazz,5,500
/kaggle/input/datasets/andradaolteanu/gtzan-dataset-music-genre-classification/Data/genres_original/metal/metal.00027.wav,metal,6,699
/kaggle/input/datasets/andradaolteanu/gtzan-dataset-music-genre-classification/Data/genres_original/pop/pop.00028.wav,pop,7,753
/kaggle/input/datasets/andradaolteanu/gtzan-dataset-music-genre-classification/Data/genres_original/classical/classical.00017.wav,classical,1,123
/kaggle/input/datasets/andradaolteanu/gtzan-dataset-music-genre-classification/Data/genres_original/metal/metal.00008.wav,metal,6,693
/kaggle/input/datasets/andradaolteanu/gtzan-dataset-music-genre-classification/Data/genres_original/jazz/jazz.00055.wav,jazz,5,516
/kaggle/input/datasets/andradaolteanu/gtzan-dataset-music-genre-classification/Data/genres_original/country/country.00056.wav,country,2,282
/kaggle/input/datasets/andradaolteanu/gtzan-dataset-music-genre-classification/Data/genres_original/disco/disco.00091.wav,disco,3,398
/kaggle/input/datasets/andradaolteanu/gtzan-dataset-music-genre-classification/Data/genres_original/blues/blues.00090.wav,blues,0,7
/kaggle/input/datasets/andradaolteanu/gtzan-dataset-music-genre-classification/Data/genres_original/pop/pop.00010.wav,pop,7,755
/kaggle/input/datasets/andradaolteanu/gtzan-dataset-music-genre-classification/Data/genres_original/country/country.00050.wav,country,2,205
/kaggle/input/datasets/andradaolteanu/gtzan-dataset-music-genre-classification/Data/genres_original/disco/disco.00003.wav,disco,3,352
/kaggle/input/datasets/andradaolteanu/gtzan-dataset-music-genre-classification/Data/genres_original/rock/rock.00090.wav,rock,9,996
/kaggle/input/datasets/andradaolteanu/gtzan-dataset-music-genre-classification/Data/genres_original/pop/pop.00013.wav,pop,7,743
/kaggle/input/datasets/andradaolteanu/gtzan-dataset-music-genre-classification/Data/genres_original/reggae/reggae.00020.wav,reggae,8,891
/kaggle/input/datasets/andradaolteanu/gtzan-dataset-music-genre-classification/Data/genres_original/metal/metal.00007.wav,metal,6,694
/kaggle/input/datasets/andradaolteanu/gtzan-dataset-music-genre-classification/Data/genres_original/metal/metal.00078.wav,metal,6,691
/kaggle/input/datasets/andradaolteanu/gtzan-dataset-music-genre-classification/Data/genres_original/metal/metal.00055.wav,metal,6,692
/kaggle/input/datasets/andradaolteanu/gtzan-dataset-music-genre-classification/Data/genres_original/country/country.00031.wav,country,2,263
/kaggle/input/datasets/andradaolteanu/gtzan-dataset-music-genre-classification/Data/genres_original/hiphop/hiphop.00050.wav,hiphop,4,463
/kaggle/input/datasets/andradaolteanu/gtzan-dataset-music-genre-classification/Data/genres_original/disco/disco.00037.wav,disco,3,331
/kaggle/input/datasets/andradaolteanu/gtzan-dataset-music-genre-classification/Data/genres_original/jazz/jazz.00025.wav,jazz,5,598
/kaggle/input/datasets/andradaolteanu/gtzan-dataset-music-genre-classification/Data/genres_original/jazz/jazz.00071.wav,jazz,5,578
/kaggle/input/datasets/andradaolteanu/gtzan-dataset-music-genre-classification/Data/genres_original/disco/disco.00016.wav,disco,3,386
/kaggle/input/datasets/andradaolteanu/gtzan-dataset-music-genre-classification/Data/genres_original/rock/rock.00003.wav,rock,9,959
/kaggle/input/datasets/andradaolteanu/gtzan-dataset-music-genre-classification/Data/genres_original/reggae/reggae.00003.wav,reggae,8,871
/kaggle/input/datasets/andradaolteanu/gtzan-dataset-music-genre-classification/Data/genres_original/hiphop/hiphop.00061.wav,hiphop,4,426
/kaggle/input/datasets/andradaolteanu/gtzan-dataset-music-genre-classification/Data/genres_original/rock/rock.00016.wav,rock,9,910
/kaggle/input/datasets/andradaolteanu/gtzan-dataset-music-genre-classification/Data/genres_original/disco/disco.00026.wav,disco,3,378
/kaggle/input/datasets/andradaolteanu/gtzan-dataset-music-genre-classification/Data/genres_original/reggae/reggae.00056.wav,reggae,8,839
/kaggle/input/datasets/andradaolteanu/gtzan-dataset-music-genre-classification/Data/genres_original/jazz/jazz.00035.wav,jazz,5,585
/kaggle/input/datasets/andradaolteanu/gtzan-dataset-music-genre-classification/Data/genres_original/metal/metal.00048.wav,metal,6,675
/kaggle/input/datasets/andradaolteanu/gtzan-dataset-music-genre-classification/Data/genres_original/reggae/reggae.00012.wav,reggae,8,897
/kaggle/input/datasets/andradaolteanu/gtzan-dataset-music-genre-classification/Data/genres_original/rock/rock.00005.wav,rock,9,980
/kaggle/input/datasets/andradaolteanu/gtzan-dataset-music-genre-classification/Data/genres_original/pop/pop.00037.wav,pop,7,770
/kaggle/input/datasets/andradaolteanu/gtzan-dataset-music-genre-classification/Data/genres_original/country/country.00041.wav,country,2,238
/kaggle/input/datasets/andradaolteanu/gtzan-dataset-music-genre-classification/Data/genres_original/reggae/reggae.00049.wav,reggae,8,802
/kaggle/input/datasets/andradaolteanu/gtzan-dataset-music-genre-classification/Data/genres_original/hiphop/hiphop.00051.wav,hiphop,4,414
/kaggle/input/datasets/andradaolteanu/gtzan-dataset-music-genre-classification/Data/genres_original/blues/blues.00094.wav,blues,0,13
/kaggle/input/datasets/andradaolteanu/gtzan-dataset-music-genre-classification/Data/genres_original/metal/metal.00019.wav,metal,6,637
/kaggle/input/datasets/andradaolteanu/gtzan-dataset-music-genre-classification/Data/genres_original/disco/disco.00088.wav,disco,3,365
/kaggle/input/datasets/andradaolteanu/gtzan-dataset-music-genre-classification/Data/genres_original/rock/rock.00047.wav,rock,9,913
/kaggle/input/datasets/andradaolteanu/gtzan-dataset-music-genre-classification/Data/genres_original/disco/disco.00074.wav,disco,3,317
/kaggle/input/datasets/andradaolteanu/gtzan-dataset-music-genre-classification/Data/genres_original/pop/pop.00040.wav,pop,7,767
/kaggle/input/datasets/andradaolteanu/gtzan-dataset-music-genre-classification/Data/genres_original/reggae/reggae.00055.wav,reggae,8,817
/kaggle/input/datasets/andradaolteanu/gtzan-dataset-music-genre-classification/Data/genres_original/hiphop/hiphop.00073.wav,hiphop,4,428
/kaggle/input/datasets/andradaolteanu/gtzan-dataset-music-genre-classification/Data/genres_original/country/country.00004.wav,country,2,220
/kaggle/input/datasets/andradaolteanu/gtzan-dataset-music-genre-classification/Data/genres_original/reggae/reggae.00094.wav,reggae,8,836
/kaggle/input/datasets/andradaolteanu/gtzan-dataset-music-genre-classification/Data/genres_original/metal/metal.00002.wav,metal,6,625
/kaggle/input/datasets/andradaolteanu/gtzan-dataset-music-genre-classification/Data/genres_original/pop/pop.00034.wav,pop,7,763
/kaggle/input/datasets/andradaolteanu/gtzan-dataset-music-genre-classification/Data/genres_original/blues/blues.00023.wav,blues,0,88
/kaggle/input/datasets/andradaolteanu/gtzan-dataset-music-genre-classification/Data/genres_original/metal/metal.00061.wav,metal,6,622
/kaggle/input/datasets/andradaolteanu/gtzan-dataset-music-genre-classification/Data/genres_original/classical/classical.00072.wav,classical,1,156
/kaggle/input/datasets/andradaolteanu/gtzan-dataset-music-genre-classification/Data/genres_original/hiphop/hiphop.00052.wav,hiphop,4,409
/kaggle/input/datasets/andradaolteanu/gtzan-dataset-music-genre-classification/Data/genres_original/rock/rock.00051.wav,rock,9,948
/kaggle/input/datasets/andradaolteanu/gtzan-dataset-music-genre-classification/Data/genres_original/hiphop/hiphop.00035.wav,hiphop,4,488
/kaggle/input/datasets/andradaolteanu/gtzan-dataset-music-genre-classification/Data/genres_original/disco/disco.00087.wav,disco,3,333
/kaggle/input/datasets/andradaolteanu/gtzan-dataset-music-genre-classification/Data/genres_original/classical/classical.00091.wav,classical,1,179
/kaggle/input/datasets/andradaolteanu/gtzan-dataset-music-genre-classification/Data/genres_original/rock/rock.00074.wav,rock,9,984
/kaggle/input/datasets/andradaolteanu/gtzan-dataset-music-genre-classification/Data/genres_original/classical/classical.00011.wav,classical,1,187
/kaggle/input/datasets/andradaolteanu/gtzan-dataset-music-genre-classification/Data/genres_original/blues/blues.00011.wav,blues,0,97
/kaggle/input/datasets/andradaolteanu/gtzan-dataset-music-genre-classification/Data/genres_original/blues/blues.00098.wav,blues,0,93
/kaggle/input/datasets/andradaolteanu/gtzan-dataset-music-genre-classification/Data/genres_original/disco/disco.00034.wav,disco,3,311
/kaggle/input/datasets/andradaolteanu/gtzan-dataset-music-genre-classification/Data/genres_original/jazz/jazz.00085.wav,jazz,5,587
/kaggle/input/datasets/andradaolteanu/gtzan-dataset-music-genre-classification/Data/genres_original/disco/disco.00089.wav,disco,3,301
/kaggle/input/datasets/andradaolteanu/gtzan-dataset-music-genre-classification/Data/genres_original/country/country.00084.wav,country,2,206
/kaggle/input/datasets/andradaolteanu/gtzan-dataset-music-genre-classification/Data/genres_original/rock/rock.00077.wav,rock,9,976
/kaggle/input/datasets/andradaolteanu/gtzan-dataset-music-genre-classification/Data/genres_original/hiphop/hiphop.00027.wav,hiphop,4,486
/kaggle/input/datasets/andradaolteanu/gtzan-dataset-music-genre-classification/Data/genres_original/jazz/jazz.00064.wav,jazz,5,521
/kaggle/input/datasets/andradaolteanu/gtzan-dataset-music-genre-classification/Data/genres_original/rock/rock.00076.wav,rock,9,962
/kaggle/input/datasets/andradaolteanu/gtzan-dataset-music-genre-classification/Data/genres_original/classical/classical.00074.wav,classical,1,184
/kaggle/input/datasets/andradaolteanu/gtzan-dataset-music-genre-classification/Data/genres_original/disco/disco.00020.wav,disco,3,324
/kaggle/input/datasets/andradaolteanu/gtzan-dataset-music-genre-classification/Data/genres_original/blues/blues.00066.wav,blues,0,67
/kaggle/input/datasets/andradaolteanu/gtzan-dataset-music-genre-classification/Data/genres_original/hiphop/hiphop.00087.wav,hiphop,4,449
/kaggle/input/datasets/andradaolteanu/gtzan-dataset-music-genre-classification/Data/genres_original/pop/pop.00071.wav,pop,7,718
/kaggle/input/datasets/andradaolteanu/gtzan-dataset-music-genre-classification/Data/genres_original/pop/pop.00020.wav,pop,7,759
/kaggle/input/datasets/andradaolteanu/gtzan-dataset-music-genre-classification/Data/genres_original/hiphop/hiphop.00047.wav,hiphop,4,431
/kaggle/input/datasets/andradaolteanu/gtzan-dataset-music-genre-classification/Data/genres_original/pop/pop.00002.wav,pop,7,709
/kaggle/input/datasets/andradaolteanu/gtzan-dataset-music-genre-classification/Data/genres_original/metal/metal.00001.wav,metal,6,677
/kaggle/input/datasets/andradaolteanu/gtzan-dataset-music-genre-classification/Data/genres_original/hiphop/hiphop.00066.wav,hiphop,4,445
/kaggle/input/datasets/andradaolteanu/gtzan-dataset-music-genre-classification/Data/genres_original/disco/disco.00051.wav,disco,3,355
/kaggle/input/datasets/andradaolteanu/gtzan-dataset-music-genre-classification/Data/genres_original/country/country.00034.wav,country,2,299
/kaggle/input/datasets/andradaolteanu/gtzan-dataset-music-genre-classification/Data/genres_original/pop/pop.00056.wav,pop,7,737
/kaggle/input/datasets/andradaolteanu/gtzan-dataset-music-genre-classification/Data/genres_original/blues/blues.00021.wav,blues,0,72
/kaggle/input/datasets/andradaolteanu/gtzan-dataset-music-genre-classification/Data/genres_original/reggae/reggae.00016.wav,reggae,8,834
/kaggle/input/datasets/andradaolteanu/gtzan-dataset-music-genre-classification/Data/genres_original/jazz/jazz.00037.wav,jazz,5,576
/kaggle/input/datasets/andradaolteanu/gtzan-dataset-music-genre-classification/Data/genres_original/pop/pop.00073.wav,pop,7,730
/kaggle/input/datasets/andradaolteanu/gtzan-dataset-music-genre-classification/Data/genres_original/blues/blues.00039.wav,blues,0,0
/kaggle/input/datasets/andradaolteanu/gtzan-dataset-music-genre-classification/Data/genres_original/reggae/reggae.00029.wav,reggae,8,812
/kaggle/input/datasets/andradaolteanu/gtzan-dataset-music-genre-classification/Data/genres_original/rock/rock.00075.wav,rock,9,933
/kaggle/input/datasets/andradaolteanu/gtzan-dataset-music-genre-classification/Data/genres_original/blues/blues.00095.wav,blues,0,11
/kaggle/input/datasets/andradaolteanu/gtzan-dataset-music-genre-classification/Data/genres_original/country/country.00010.wav,country,2,293
/kaggle/input/datasets/andradaolteanu/gtzan-dataset-music-genre-classification/Data/genres_original/jazz/jazz.00034.wav,jazz,5,502
/kaggle/input/datasets/andradaolteanu/gtzan-dataset-music-genre-classification/Data/genres_original/blues/blues.00056.wav,blues,0,64
/kaggle/input/datasets/andradaolteanu/gtzan-dataset-music-genre-classification/Data/genres_original/pop/pop.00011.wav,pop,7,781
/kaggle/input/datasets/andradaolteanu/gtzan-dataset-music-genre-classification/Data/genres_original/pop/pop.00098.wav,pop,7,789
/kaggle/input/datasets/andradaolteanu/gtzan-dataset-music-genre-classification/Data/genres_original/classical/classical.00043.wav,classical,1,189
/kaggle/input/datasets/andradaolteanu/gtzan-dataset-music-genre-classification/Data/genres_original/disco/disco.00035.wav,disco,3,369
/kaggle/input/datasets/andradaolteanu/gtzan-dataset-music-genre-classification/Data/genres_original/reggae/reggae.00050.wav,reggae,8,838
/kaggle/input/datasets/andradaolteanu/gtzan-dataset-music-genre-classification/Data/genres_original/disco/disco.00060.wav,disco,3,304
/kaggle/input/datasets/andradaolteanu/gtzan-dataset-music-genre-classification/Data/genres_original/hiphop/hiphop.00064.wav,hiphop,4,458
/kaggle/input/datasets/andradaolteanu/gtzan-dataset-music-genre-classification/Data/genres_original/blues/blues.00078.wav,blues,0,25
/kaggle/input/datasets/andradaolteanu/gtzan-dataset-music-genre-classification/Data/genres_original/classical/classical.00041.wav,classical,1,162
/kaggle/input/datasets/andradaolteanu/gtzan-dataset-music-genre-classification/Data/genres_original/disco/disco.00066.wav,disco,3,309
/kaggle/input/datasets/andradaolteanu/gtzan-dataset-music-genre-classification/Data/genres_original/rock/rock.00089.wav,rock,9,914
/kaggle/input/datasets/andradaolteanu/gtzan-dataset-music-genre-classification/Data/genres_original/classical/classical.00022.wav,classical,1,153
/kaggle/input/datasets/andradaolteanu/gtzan-dataset-music-genre-classification/Data/genres_original/metal/metal.00032.wav,metal,6,639
/kaggle/input/datasets/andradaolteanu/gtzan-dataset-music-genre-classification/Data/genres_original/disco/disco.00002.wav,disco,3,338
/kaggle/input/datasets/andradaolteanu/gtzan-dataset-music-genre-classification/Data/genres_original/blues/blues.00061.wav,blues,0,85
/kaggle/input/datasets/andradaolteanu/gtzan-dataset-music-genre-classification/Data/genres_original/classical/classical.00037.wav,classical,1,160
/kaggle/input/datasets/andradaolteanu/gtzan-dataset-music-genre-classification/Data/genres_original/metal/metal.00053.wav,metal,6,632
/kaggle/input/datasets/andradaolteanu/gtzan-dataset-music-genre-classification/Data/genres_original/reggae/reggae.00045.wav,reggae,8,832
/kaggle/input/datasets/andradaolteanu/gtzan-dataset-music-genre-classification/Data/genres_original/metal/metal.00062.wav,metal,6,678
/kaggle/input/datasets/andradaolteanu/gtzan-dataset-music-genre-classification/Data/genres_original/blues/blues.00046.wav,blues,0,78
/kaggle/input/datasets/andradaolteanu/gtzan-dataset-music-genre-classification/Data/genres_original/metal/metal.00057.wav,metal,6,607
/kaggle/input/datasets/andradaolteanu/gtzan-dataset-music-genre-classification/Data/genres_original/metal/metal.00072.wav,metal,6,628
/kaggle/input/datasets/andradaolteanu/gtzan-dataset-music-genre-classification/Data/genres_original/reggae/reggae.00063.wav,reggae,8,875
/kaggle/input/datasets/andradaolteanu/gtzan-dataset-music-genre-classification/Data/genres_original/country/country.00065.wav,country,2,229
/kaggle/input/datasets/andradaolteanu/gtzan-dataset-music-genre-classification/Data/genres_original/blues/blues.00051.wav,blues,0,27
/kaggle/input/datasets/andradaolteanu/gtzan-dataset-music-genre-classification/Data/genres_original/jazz/jazz.00044.wav,jazz,5,581
/kaggle/input/datasets/andradaolteanu/gtzan-dataset-music-genre-classification/Data/genres_original/reggae/reggae.00015.wav,reggae,8,809
/kaggle/input/datasets/andradaolteanu/gtzan-dataset-music-genre-classification/Data/genres_original/hiphop/hiphop.00014.wav,hiphop,4,498
/kaggle/input/datasets/andradaolteanu/gtzan-dataset-music-genre-classification/Data/genres_original/blues/blues.00044.wav,blues,0,96
/kaggle/input/datasets/andradaolteanu/gtzan-dataset-music-genre-classification/Data/genres_original/blues/blues.00053.wav,blues,0,89
/kaggle/input/datasets/andradaolteanu/gtzan-dataset-music-genre-classification/Data/genres_original/disco/disco.00038.wav,disco,3,306
/kaggle/input/datasets/andradaolteanu/gtzan-dataset-music-genre-classification/Data/genres_original/disco/disco.00062.wav,disco,3,389
/kaggle/input/datasets/andradaolteanu/gtzan-dataset-music-genre-classification/Data/genres_original/classical/classical.00034.wav,classical,1,149
/kaggle/input/datasets/andradaolteanu/gtzan-dataset-music-genre-classification/Data/genres_original/reggae/reggae.00096.wav,reggae,8,835
/kaggle/input/datasets/andradaolteanu/gtzan-dataset-music-genre-classification/Data/genres_original/disco/disco.00065.wav,disco,3,388
/kaggle/input/datasets/andradaolteanu/gtzan-dataset-music-genre-classification/Data/genres_original/blues/blues.00037.wav,blues,0,65
/kaggle/input/datasets/andradaolteanu/gtzan-dataset-music-genre-classification/Data/genres_original/reggae/reggae.00088.wav,reggae,8,862
/kaggle/input/datasets/andradaolteanu/gtzan-dataset-music-genre-classification/Data/genres_original/classical/classical.00000.wav,classical,1,150
/kaggle/input/datasets/andradaolteanu/gtzan-dataset-music-genre-classification/Data/genres_original/country/country.00087.wav,country,2,239
/kaggle/input/datasets/andradaolteanu/gtzan-dataset-music-genre-classification/Data/genres_original/pop/pop.00057.wav,pop,7,761
/kaggle/input/datasets/andradaolteanu/gtzan-dataset-music-genre-classification/Data/genres_original/metal/metal.00024.wav,metal,6,608
/kaggle/input/datasets/andradaolteanu/gtzan-dataset-music-genre-classification/Data/genres_original/jazz/jazz.00036.wav,jazz,5,503
/kaggle/input/datasets/andradaolteanu/gtzan-dataset-music-genre-classification/Data/genres_original/disco/disco.00056.wav,disco,3,362
/kaggle/input/datasets/andradaolteanu/gtzan-dataset-music-genre-classification/Data/genres_original/jazz/jazz.00079.wav,jazz,5,575
/kaggle/input/datasets/andradaolteanu/gtzan-dataset-music-genre-classification/Data/genres_original/rock/rock.00094.wav,rock,9,936
/kaggle/input/datasets/andradaolteanu/gtzan-dataset-music-genre-classification/Data/genres_original/hiphop/hiphop.00086.wav,hiphop,4,484
/kaggle/input/datasets/andradaolteanu/gtzan-dataset-music-genre-classification/Data/genres_original/hiphop/hiphop.00020.wav,hiphop,4,472
/kaggle/input/datasets/andradaolteanu/gtzan-dataset-music-genre-classification/Data/genres_original/disco/disco.00078.wav,disco,3,312
/kaggle/input/datasets/andradaolteanu/gtzan-dataset-music-genre-classification/Data/genres_original/blues/blues.00030.wav,blues,0,46
/kaggle/input/datasets/andradaolteanu/gtzan-dataset-music-genre-classification/Data/genres_original/classical/classical.00040.wav,classical,1,157
/kaggle/input/datasets/andradaolteanu/gtzan-dataset-music-genre-classification/Data/genres_original/hiphop/hiphop.00010.wav,hiphop,4,448
/kaggle/input/datasets/andradaolteanu/gtzan-dataset-music-genre-classification/Data/genres_original/jazz/jazz.00051.wav,jazz,5,588
/kaggle/input/datasets/andradaolteanu/gtzan-dataset-music-genre-classification/Data/genres_original/hiphop/hiphop.00095.wav,hiphop,4,496
/kaggle/input/datasets/andradaolteanu/gtzan-dataset-music-genre-classification/Data/genres_original/disco/disco.00047.wav,disco,3,322
/kaggle/input/datasets/andradaolteanu/gtzan-dataset-music-genre-classification/Data/genres_original/blues/blues.00055.wav,blues,0,68
/kaggle/input/datasets/andradaolteanu/gtzan-dataset-music-genre-classification/Data/genres_original/disco/disco.00072.wav,disco,3,328
/kaggle/input/datasets/andradaolteanu/gtzan-dataset-music-genre-classification/Data/genres_original/hiphop/hiphop.00002.wav,hiphop,4,443
/kaggle/input/datasets/andradaolteanu/gtzan-dataset-music-genre-classification/Data/genres_original/classical/classical.00050.wav,classical,1,168
/kaggle/input/datasets/andradaolteanu/gtzan-dataset-music-genre-classification/Data/genres_original/country/country.00046.wav,country,2,273
/kaggle/input/datasets/andradaolteanu/gtzan-dataset-music-genre-classification/Data/genres_original/blues/blues.00050.wav,blues,0,73
/kaggle/input/datasets/andradaolteanu/gtzan-dataset-music-genre-classification/Data/genres_original/country/country.00000.wav,country,2,261
/kaggle/input/datasets/andradaolteanu/gtzan-dataset-music-genre-classification/Data/genres_original/metal/metal.00020.wav,metal,6,629
/kaggle/input/datasets/andradaolteanu/gtzan-dataset-music-genre-classification/Data/genres_original/rock/rock.00038.wav,rock,9,937
/kaggle/input/datasets/andradaolteanu/gtzan-dataset-music-genre-classification/Data/genres_original/rock/rock.00046.wav,rock,9,977
/kaggle/input/datasets/andradaolteanu/gtzan-dataset-music-genre-classification/Data/genres_original/hiphop/hiphop.00078.wav,hiphop,4,417
/kaggle/input/datasets/andradaolteanu/gtzan-dataset-music-genre-classification/Data/genres_original/pop/pop.00086.wav,pop,7,756
/kaggle/input/datasets/andradaolteanu/gtzan-dataset-music-genre-classification/Data/genres_original/country/country.00076.wav,country,2,271
/kaggle/input/datasets/andradaolteanu/gtzan-dataset-music-genre-classification/Data/genres_original/classical/classical.00073.wav,classical,1,192
/kaggle/input/datasets/andradaolteanu/gtzan-dataset-music-genre-classification/Data/genres_original/pop/pop.00033.wav,pop,7,712
/kaggle/input/datasets/andradaolteanu/gtzan-dataset-music-genre-classification/Data/genres_original/metal/metal.00080.wav,metal,6,634
/kaggle/input/datasets/andradaolteanu/gtzan-dataset-music-genre-classification/Data/genres_original/metal/metal.00047.wav,metal,6,617
/kaggle/input/datasets/andradaolteanu/gtzan-dataset-music-genre-classification/Data/genres_original/classical/classical.00026.wav,classical,1,174
/kaggle/input/datasets/andradaolteanu/gtzan-dataset-music-genre-classification/Data/genres_original/rock/rock.00082.wav,rock,9,949
/kaggle/input/datasets/andradaolteanu/gtzan-dataset-music-genre-classification/Data/genres_original/pop/pop.00063.wav,pop,7,777
/kaggle/input/datasets/andradaolteanu/gtzan-dataset-music-genre-classification/Data/genres_original/jazz/jazz.00075.wav,jazz,5,591
/kaggle/input/datasets/andradaolteanu/gtzan-dataset-music-genre-classification/Data/genres_original/hiphop/hiphop.00090.wav,hiphop,4,438
/kaggle/input/datasets/andradaolteanu/gtzan-dataset-music-genre-classification/Data/genres_original/country/country.00078.wav,country,2,232
/kaggle/input/datasets/andradaolteanu/gtzan-dataset-music-genre-classification/Data/genres_original/rock/rock.00085.wav,rock,9,907
/kaggle/input/datasets/andradaolteanu/gtzan-dataset-music-genre-classification/Data/genres_original/blues/blues.00042.wav,blues,0,39
/kaggle/input/datasets/andradaolteanu/gtzan-dataset-music-genre-classification/Data/genres_original/metal/metal.00079.wav,metal,6,623
/kaggle/input/datasets/andradaolteanu/gtzan-dataset-music-genre-classification/Data/genres_original/disco/disco.00014.wav,disco,3,396
/kaggle/input/datasets/andradaolteanu/gtzan-dataset-music-genre-classification/Data/genres_original/country/country.00093.wav,country,2,284
/kaggle/input/datasets/andradaolteanu/gtzan-dataset-music-genre-classification/Data/genres_original/hiphop/hiphop.00099.wav,hiphop,4,455
/kaggle/input/datasets/andradaolteanu/gtzan-dataset-music-genre-classification/Data/genres_original/classical/classical.00059.wav,classical,1,175
/kaggle/input/datasets/andradaolteanu/gtzan-dataset-music-genre-classification/Data/genres_original/classical/classical.00019.wav,classical,1,154
/kaggle/input/datasets/andradaolteanu/gtzan-dataset-music-genre-classification/Data/genres_original/classical/classical.00085.wav,classical,1,124
/kaggle/input/datasets/andradaolteanu/gtzan-dataset-music-genre-classification/Data/genres_original/hiphop/hiphop.00005.wav,hiphop,4,495
/kaggle/input/datasets/andradaolteanu/gtzan-dataset-music-genre-classification/Data/genres_original/pop/pop.00014.wav,pop,7,739
/kaggle/input/datasets/andradaolteanu/gtzan-dataset-music-genre-classification/Data/genres_original/jazz/jazz.00015.wav,jazz,5,552
/kaggle/input/datasets/andradaolteanu/gtzan-dataset-music-genre-classification/Data/genres_original/classical/classical.00038.wav,classical,1,183
/kaggle/input/datasets/andradaolteanu/gtzan-dataset-music-genre-classification/Data/genres_original/reggae/reggae.00051.wav,reggae,8,885
/kaggle/input/datasets/andradaolteanu/gtzan-dataset-music-genre-classification/Data/genres_original/classical/classical.00099.wav,classical,1,137
/kaggle/input/datasets/andradaolteanu/gtzan-dataset-music-genre-classification/Data/genres_original/hiphop/hiphop.00023.wav,hiphop,4,444
/kaggle/input/datasets/andradaolteanu/gtzan-dataset-music-genre-classification/Data/genres_original/reggae/reggae.00019.wav,reggae,8,845
/kaggle/input/datasets/andradaolteanu/gtzan-dataset-music-genre-classification/Data/genres_original/blues/blues.00058.wav,blues,0,3
/kaggle/input/datasets/andradaolteanu/gtzan-dataset-music-genre-classification/Data/genres_original/hiphop/hiphop.00019.wav,hiphop,4,487
/kaggle/input/datasets/andradaolteanu/gtzan-dataset-music-genre-classification/Data/genres_original/reggae/reggae.00006.wav,reggae,8,844
/kaggle/input/datasets/andradaolteanu/gtzan-dataset-music-genre-classification/Data/genres_original/metal/metal.00012.wav,metal,6,674
/kaggle/input/datasets/andradaolteanu/gtzan-dataset-music-genre-classification/Data/genres_original/classical/classical.00010.wav,classical,1,199
/kaggle/input/datasets/andradaolteanu/gtzan-dataset-music-genre-classification/Data/genres_original/blues/blues.00077.wav,blues,0,99
/kaggle/input/datasets/andradaolteanu/gtzan-dataset-music-genre-classification/Data/genres_original/pop/pop.00092.wav,pop,7,713
/kaggle/input/datasets/andradaolteanu/gtzan-dataset-music-genre-classification/Data/genres_original/metal/metal.00093.wav,metal,6,621
/kaggle/input/datasets/andradaolteanu/gtzan-dataset-music-genre-classification/Data/genres_original/jazz/jazz.00003.wav,jazz,5,551
/kaggle/input/datasets/andradaolteanu/gtzan-dataset-music-genre-classification/Data/genres_original/pop/pop.00026.wav,pop,7,744
/kaggle/input/datasets/andradaolteanu/gtzan-dataset-music-genre-classification/Data/genres_original/country/country.00026.wav,country,2,211
/kaggle/input/datasets/andradaolteanu/gtzan-dataset-music-genre-classification/Data/genres_original/jazz/jazz.00069.wav,jazz,5,514
/kaggle/input/datasets/andradaolteanu/gtzan-dataset-music-genre-classification/Data/genres_original/hiphop/hiphop.00037.wav,hiphop,4,478
/kaggle/input/datasets/andradaolteanu/gtzan-dataset-music-genre-classification/Data/genres_original/classical/classical.00020.wav,classical,1,121
/kaggle/input/datasets/andradaolteanu/gtzan-dataset-music-genre-classification/Data/genres_original/rock/rock.00084.wav,rock,9,970
/kaggle/input/datasets/andradaolteanu/gtzan-dataset-music-genre-classification/Data/genres_original/rock/rock.00023.wav,rock,9,944
/kaggle/input/datasets/andradaolteanu/gtzan-dataset-music-genre-classification/Data/genres_original/pop/pop.00068.wav,pop,7,796
/kaggle/input/datasets/andradaolteanu/gtzan-dataset-music-genre-classification/Data/genres_original/disco/disco.00086.wav,disco,3,382
/kaggle/input/datasets/andradaolteanu/gtzan-dataset-music-genre-classification/Data/genres_original/jazz/jazz.00014.wav,jazz,5,517
/kaggle/input/datasets/andradaolteanu/gtzan-dataset-music-genre-classification/Data/genres_original/classical/classical.00016.wav,classical,1,141
/kaggle/input/datasets/andradaolteanu/gtzan-dataset-music-genre-classification/Data/genres_original/rock/rock.00021.wav,rock,9,927
/kaggle/input/datasets/andradaolteanu/gtzan-dataset-music-genre-classification/Data/genres_original/pop/pop.00061.wav,pop,7,778
/kaggle/input/datasets/andradaolteanu/gtzan-dataset-music-genre-classification/Data/genres_original/classical/classical.00083.wav,classical,1,169
/kaggle/input/datasets/andradaolteanu/gtzan-dataset-music-genre-classification/Data/genres_original/reggae/reggae.00076.wav,reggae,8,896
/kaggle/input/datasets/andradaolteanu/gtzan-dataset-music-genre-classification/Data/genres_original/hiphop/hiphop.00040.wav,hiphop,4,430
/kaggle/input/datasets/andradaolteanu/gtzan-dataset-music-genre-classification/Data/genres_original/reggae/reggae.00092.wav,reggae,8,847
/kaggle/input/datasets/andradaolteanu/gtzan-dataset-music-genre-classification/Data/genres_original/country/country.00054.wav,country,2,251
/kaggle/input/datasets/andradaolteanu/gtzan-dataset-music-genre-classification/Data/genres_original/disco/disco.00018.wav,disco,3,380
/kaggle/input/datasets/andradaolteanu/gtzan-dataset-music-genre-classification/Data/genres_original/jazz/jazz.00026.wav,jazz,5,568
/kaggle/input/datasets/andradaolteanu/gtzan-dataset-music-genre-classification/Data/genres_original/jazz/jazz.00081.wav,jazz,5,559
/kaggle/input/datasets/andradaolteanu/gtzan-dataset-music-genre-classification/Data/genres_original/hiphop/hiphop.00036.wav,hiphop,4,419
/kaggle/input/datasets/andradaolteanu/gtzan-dataset-music-genre-classification/Data/genres_original/jazz/jazz.00008.wav,jazz,5,529
/kaggle/input/datasets/andradaolteanu/gtzan-dataset-music-genre-classification/Data/genres_original/blues/blues.00036.wav,blues,0,66
/kaggle/input/datasets/andradaolteanu/gtzan-dataset-music-genre-classification/Data/genres_original/jazz/jazz.00098.wav,jazz,5,513
/kaggle/input/datasets/andradaolteanu/gtzan-dataset-music-genre-classification/Data/genres_original/metal/metal.00091.wav,metal,6,683
/kaggle/input/datasets/andradaolteanu/gtzan-dataset-music-genre-classification/Data/genres_original/metal/metal.00084.wav,metal,6,676
/kaggle/input/datasets/andradaolteanu/gtzan-dataset-music-genre-classification/Data/genres_original/country/country.00015.wav,country,2,228
/kaggle/input/datasets/andradaolteanu/gtzan-dataset-music-genre-classification/Data/genres_original/blues/blues.00072.wav,blues,0,70
/kaggle/input/datasets/andradaolteanu/gtzan-dataset-music-genre-classification/Data/genres_original/reggae/reggae.00038.wav,reggae,8,830
/kaggle/input/datasets/andradaolteanu/gtzan-dataset-music-genre-classification/Data/genres_original/blues/blues.00022.wav,blues,0,50
/kaggle/input/datasets/andradaolteanu/gtzan-dataset-music-genre-classification/Data/genres_original/rock/rock.00067.wav,rock,9,934
/kaggle/input/datasets/andradaolteanu/gtzan-dataset-music-genre-classification/Data/genres_original/jazz/jazz.00080.wav,jazz,5,579
/kaggle/input/datasets/andradaolteanu/gtzan-dataset-music-genre-classification/Data/genres_original/country/country.00025.wav,country,2,259
/kaggle/input/datasets/andradaolteanu/gtzan-dataset-music-genre-classification/Data/genres_original/disco/disco.00053.wav,disco,3,319
/kaggle/input/datasets/andradaolteanu/gtzan-dataset-music-genre-classification/Data/genres_original/disco/disco.00064.wav,disco,3,383
/kaggle/input/datasets/andradaolteanu/gtzan-dataset-music-genre-classification/Data/genres_original/jazz/jazz.00005.wav,jazz,5,597
/kaggle/input/datasets/andradaolteanu/gtzan-dataset-music-genre-classification/Data/genres_original/metal/metal.00000.wav,metal,6,682
/kaggle/input/datasets/andradaolteanu/gtzan-dataset-music-genre-classification/Data/genres_original/reggae/reggae.00090.wav,reggae,8,895
/kaggle/input/datasets/andradaolteanu/gtzan-dataset-music-genre-classification/Data/genres_original/pop/pop.00082.wav,pop,7,783
/kaggle/input/datasets/andradaolteanu/gtzan-dataset-music-genre-classification/Data/genres_original/pop/pop.00041.wav,pop,7,797
/kaggle/input/datasets/andradaolteanu/gtzan-dataset-music-genre-classification/Data/genres_original/disco/disco.00096.wav,disco,3,330
/kaggle/input/datasets/andradaolteanu/gtzan-dataset-music-genre-classification/Data/genres_original/disco/disco.00028.wav,disco,3,399
/kaggle/input/datasets/andradaolteanu/gtzan-dataset-music-genre-classification/Data/genres_original/disco/disco.00022.wav,disco,3,364
/kaggle/input/datasets/andradaolteanu/gtzan-dataset-music-genre-classification/Data/genres_original/jazz/jazz.00011.wav,jazz,5,554
/kaggle/input/datasets/andradaolteanu/gtzan-dataset-music-genre-classification/Data/genres_original/country/country.00098.wav,country,2,277
/kaggle/input/datasets/andradaolteanu/gtzan-dataset-music-genre-classification/Data/genres_original/pop/pop.00044.wav,pop,7,703
/kaggle/input/datasets/andradaolteanu/gtzan-dataset-music-genre-classification/Data/genres_original/hiphop/hiphop.00057.wav,hiphop,4,469
/kaggle/input/datasets/andradaolteanu/gtzan-dataset-music-genre-classification/Data/genres_original/pop/pop.00060.wav,pop,7,721
/kaggle/input/datasets/andradaolteanu/gtzan-dataset-music-genre-classification/Data/genres_original/pop/pop.00015.wav,pop,7,706
/kaggle/input/datasets/andradaolteanu/gtzan-dataset-music-genre-classification/Data/genres_original/reggae/reggae.00061.wav,reggae,8,883
/kaggle/input/datasets/andradaolteanu/gtzan-dataset-music-genre-classification/Data/genres_original/metal/metal.00044.wav,metal,6,645
/kaggle/input/datasets/andradaolteanu/gtzan-dataset-music-genre-classification/Data/genres_original/rock/rock.00015.wav,rock,9,929
/kaggle/input/datasets/andradaolteanu/gtzan-dataset-music-genre-classification/Data/genres_original/hiphop/hiphop.00009.wav,hiphop,4,425
/kaggle/input/datasets/andradaolteanu/gtzan-dataset-music-genre-classification/Data/genres_original/country/country.00028.wav,country,2,204
/kaggle/input/datasets/andradaolteanu/gtzan-dataset-music-genre-classification/Data/genres_original/country/country.00011.wav,country,2,262
/kaggle/input/datasets/andradaolteanu/gtzan-dataset-music-genre-classification/Data/genres_original/hiphop/hiphop.00046.wav,hiphop,4,450
/kaggle/input/datasets/andradaolteanu/gtzan-dataset-music-genre-classification/Data/genres_original/jazz/jazz.00030.wav,jazz,5,539
/kaggle/input/datasets/andradaolteanu/gtzan-dataset-music-genre-classification/Data/genres_original/metal/metal.00051.wav,metal,6,631
/kaggle/input/datasets/andradaolteanu/gtzan-dataset-music-genre-classification/Data/genres_original/metal/metal.00067.wav,metal,6,651
/kaggle/input/datasets/andradaolteanu/gtzan-dataset-music-genre-classification/Data/genres_original/jazz/jazz.00050.wav,jazz,5,555
/kaggle/input/datasets/andradaolteanu/gtzan-dataset-music-genre-classification/Data/genres_original/rock/rock.00029.wav,rock,9,924
/kaggle/input/datasets/andradaolteanu/gtzan-dataset-music-genre-classification/Data/genres_original/metal/metal.00092.wav,metal,6,649
/kaggle/input/datasets/andradaolteanu/gtzan-dataset-music-genre-classification/Data/genres_original/disco/disco.00079.wav,disco,3,302
/kaggle/input/datasets/andradaolteanu/gtzan-dataset-music-genre-classification/Data/genres_original/classical/classical.00030.wav,classical,1,148
/kaggle/input/datasets/andradaolteanu/gtzan-dataset-music-genre-classification/Data/genres_original/pop/pop.00048.wav,pop,7,787
/kaggle/input/datasets/andradaolteanu/gtzan-dataset-music-genre-classification/Data/genres_original/metal/metal.00096.wav,metal,6,664
/kaggle/input/datasets/andradaolteanu/gtzan-dataset-music-genre-classification/Data/genres_original/hiphop/hiphop.00059.wav,hiphop,4,479
/kaggle/input/datasets/andradaolteanu/gtzan-dataset-music-genre-classification/Data/genres_original/country/country.00082.wav,country,2,286
/kaggle/input/datasets/andradaolteanu/gtzan-dataset-music-genre-classification/Data/genres_original/reggae/reggae.00034.wav,reggae,8,805
/kaggle/input/datasets/andradaolteanu/gtzan-dataset-music-genre-classification/Data/genres_original/pop/pop.00029.wav,pop,7,708
/kaggle/input/datasets/andradaolteanu/gtzan-dataset-music-genre-classification/Data/genres_original/jazz/jazz.00040.wav,jazz,5,519
/kaggle/input/datasets/andradaolteanu/gtzan-dataset-music-genre-classification/Data/genres_original/rock/rock.00095.wav,rock,9,982
/kaggle/input/datasets/andradaolteanu/gtzan-dataset-music-genre-classification/Data/genres_original/pop/pop.00000.wav,pop,7,772
/kaggle/input/datasets/andradaolteanu/gtzan-dataset-music-genre-classification/Data/genres_original/classical/classical.00065.wav,classical,1,173
/kaggle/input/datasets/andradaolteanu/gtzan-dataset-music-genre-classification/Data/genres_original/metal/metal.00095.wav,metal,6,646
/kaggle/input/datasets/andradaolteanu/gtzan-dataset-music-genre-classification/Data/genres_original/country/country.00079.wav,country,2,279
/kaggle/input/datasets/andradaolteanu/gtzan-dataset-music-genre-classification/Data/genres_original/blues/blues.00028.wav,blues,0,4
/kaggle/input/datasets/andradaolteanu/gtzan-dataset-music-genre-classification/Data/genres_original/disco/disco.00036.wav,disco,3,339
/kaggle/input/datasets/andradaolteanu/gtzan-dataset-music-genre-classification/Data/genres_original/pop/pop.00008.wav,pop,7,766
/kaggle/input/datasets/andradaolteanu/gtzan-dataset-music-genre-classification/Data/genres_original/rock/rock.00000.wav,rock,9,967
/kaggle/input/datasets/andradaolteanu/gtzan-dataset-music-genre-classification/Data/genres_original/blues/blues.00006.wav,blues,0,15
/kaggle/input/datasets/andradaolteanu/gtzan-dataset-music-genre-classification/Data/genres_original/pop/pop.00058.wav,pop,7,760
/kaggle/input/datasets/andradaolteanu/gtzan-dataset-music-genre-classification/Data/genres_original/rock/rock.00055.wav,rock,9,993
/kaggle/input/datasets/andradaolteanu/gtzan-dataset-music-genre-classification/Data/genres_original/rock/rock.00041.wav,rock,9,971
/kaggle/input/datasets/andradaolteanu/gtzan-dataset-music-genre-classification/Data/genres_original/rock/rock.00039.wav,rock,9,953
/kaggle/input/datasets/andradaolteanu/gtzan-dataset-music-genre-classification/Data/genres_original/reggae/reggae.00002.wav,reggae,8,801
/kaggle/input/datasets/andradaolteanu/gtzan-dataset-music-genre-classification/Data/genres_original/country/country.00096.wav,country,2,297
/kaggle/input/datasets/andradaolteanu/gtzan-dataset-music-genre-classification/Data/genres_original/rock/rock.00048.wav,rock,9,957
/kaggle/input/datasets/andradaolteanu/gtzan-dataset-music-genre-classification/Data/genres_original/pop/pop.00038.wav,pop,7,791
/kaggle/input/datasets/andradaolteanu/gtzan-dataset-music-genre-classification/Data/genres_original/metal/metal.00099.wav,metal,6,641
/kaggle/input/datasets/andradaolteanu/gtzan-dataset-music-genre-classification/Data/genres_original/jazz/jazz.00073.wav,jazz,5,542
/kaggle/input/datasets/andradaolteanu/gtzan-dataset-music-genre-classification/Data/genres_original/pop/pop.00096.wav,pop,7,769
/kaggle/input/datasets/andradaolteanu/gtzan-dataset-music-genre-classification/Data/genres_original/rock/rock.00059.wav,rock,9,988
/kaggle/input/datasets/andradaolteanu/gtzan-dataset-music-genre-classification/Data/genres_original/classical/classical.00078.wav,classical,1,117
/kaggle/input/datasets/andradaolteanu/gtzan-dataset-music-genre-classification/Data/genres_original/pop/pop.00006.wav,pop,7,727
/kaggle/input/datasets/andradaolteanu/gtzan-dataset-music-genre-classification/Data/genres_original/hiphop/hiphop.00017.wav,hiphop,4,413
/kaggle/input/datasets/andradaolteanu/gtzan-dataset-music-genre-classification/Data/genres_original/metal/metal.00015.wav,metal,6,620
/kaggle/input/datasets/andradaolteanu/gtzan-dataset-music-genre-classification/Data/genres_original/pop/pop.00035.wav,pop,7,741
/kaggle/input/datasets/andradaolteanu/gtzan-dataset-music-genre-classification/Data/genres_original/blues/blues.00062.wav,blues,0,6
/kaggle/input/datasets/andradaolteanu/gtzan-dataset-music-genre-classification/Data/genres_original/pop/pop.00036.wav,pop,7,740
/kaggle/input/datasets/andradaolteanu/gtzan-dataset-music-genre-classification/Data/genres_original/jazz/jazz.00086.wav,jazz,5,544
/kaggle/input/datasets/andradaolteanu/gtzan-dataset-music-genre-classification/Data/genres_original/reggae/reggae.00064.wav,reggae,8,884
/kaggle/input/datasets/andradaolteanu/gtzan-dataset-music-genre-classification/Data/genres_original/blues/blues.00009.wav,blues,0,95
/kaggle/input/datasets/andradaolteanu/gtzan-dataset-music-genre-classification/Data/genres_original/classical/classical.00084.wav,classical,1,158
/kaggle/input/datasets/andradaolteanu/gtzan-dataset-music-genre-classification/Data/genres_original/disco/disco.00092.wav,disco,3,332
/kaggle/input/datasets/andradaolteanu/gtzan-dataset-music-genre-classification/Data/genres_original/blues/blues.00032.wav,blues,0,30
/kaggle/input/datasets/andradaolteanu/gtzan-dataset-music-genre-classification/Data/genres_original/classical/classical.00009.wav,classical,1,198
/kaggle/input/datasets/andradaolteanu/gtzan-dataset-music-genre-classification/Data/genres_original/country/country.00081.wav,country,2,233
/kaggle/input/datasets/andradaolteanu/gtzan-dataset-music-genre-classification/Data/genres_original/classical/classical.00075.wav,classical,1,186
/kaggle/input/datasets/andradaolteanu/gtzan-dataset-music-genre-classification/Data/genres_original/pop/pop.00003.wav,pop,7,724
/kaggle/input/datasets/andradaolteanu/gtzan-dataset-music-genre-classification/Data/genres_original/classical/classical.00023.wav,classical,1,142
/kaggle/input/datasets/andradaolteanu/gtzan-dataset-music-genre-classification/Data/genres_original/rock/rock.00092.wav,rock,9,956
/kaggle/input/datasets/andradaolteanu/gtzan-dataset-music-genre-classification/Data/genres_original/rock/rock.00078.wav,rock,9,978
/kaggle/input/datasets/andradaolteanu/gtzan-dataset-music-genre-classification/Data/genres_original/rock/rock.00079.wav,rock,9,943
/kaggle/input/datasets/andradaolteanu/gtzan-dataset-music-genre-classification/Data/genres_original/metal/metal.00070.wav,metal,6,613
/kaggle/input/datasets/andradaolteanu/gtzan-dataset-music-genre-classification/Data/genres_original/rock/rock.00033.wav,rock,9,912
/kaggle/input/datasets/andradaolteanu/gtzan-dataset-music-genre-classification/Data/genres_original/blues/blues.00029.wav,blues,0,56
/kaggle/input/datasets/andradaolteanu/gtzan-dataset-music-genre-classification/Data/genres_original/disco/disco.00027.wav,disco,3,351
/kaggle/input/datasets/andradaolteanu/gtzan-dataset-music-genre-classification/Data/genres_original/classical/classical.00035.wav,classical,1,135
/kaggle/input/datasets/andradaolteanu/gtzan-dataset-music-genre-classification/Data/genres_original/pop/pop.00031.wav,pop,7,723
/kaggle/input/datasets/andradaolteanu/gtzan-dataset-music-genre-classification/Data/genres_original/metal/metal.00031.wav,metal,6,605
/kaggle/input/datasets/andradaolteanu/gtzan-dataset-music-genre-classification/Data/genres_original/jazz/jazz.00049.wav,jazz,5,537
/kaggle/input/datasets/andradaolteanu/gtzan-dataset-music-genre-classification/Data/genres_original/classical/classical.00090.wav,classical,1,165
/kaggle/input/datasets/andradaolteanu/gtzan-dataset-music-genre-classification/Data/genres_original/metal/metal.00066.wav,metal,6,642
/kaggle/input/datasets/andradaolteanu/gtzan-dataset-music-genre-classification/Data/genres_original/metal/metal.00050.wav,metal,6,665
/kaggle/input/datasets/andradaolteanu/gtzan-dataset-music-genre-classification/Data/genres_original/hiphop/hiphop.00039.wav,hiphop,4,427
/kaggle/input/datasets/andradaolteanu/gtzan-dataset-music-genre-classification/Data/genres_original/reggae/reggae.00004.wav,reggae,8,870
/kaggle/input/datasets/andradaolteanu/gtzan-dataset-music-genre-classification/Data/genres_original/jazz/jazz.00018.wav,jazz,5,549
/kaggle/input/datasets/andradaolteanu/gtzan-dataset-music-genre-classification/Data/genres_original/reggae/reggae.00028.wav,reggae,8,864
/kaggle/input/datasets/andradaolteanu/gtzan-dataset-music-genre-classification/Data/genres_original/pop/pop.00065.wav,pop,7,719
/kaggle/input/datasets/andradaolteanu/gtzan-dataset-music-genre-classification/Data/genres_original/metal/metal.00009.wav,metal,6,643
/kaggle/input/datasets/andradaolteanu/gtzan-dataset-music-genre-classification/Data/genres_original/disco/disco.00075.wav,disco,3,308
/kaggle/input/datasets/andradaolteanu/gtzan-dataset-music-genre-classification/Data/genres_original/rock/rock.00091.wav,rock,9,940
/kaggle/input/datasets/andradaolteanu/gtzan-dataset-music-genre-classification/Data/genres_original/hiphop/hiphop.00038.wav,hiphop,4,480
/kaggle/input/datasets/andradaolteanu/gtzan-dataset-music-genre-classification/Data/genres_original/reggae/reggae.00005.wav,reggae,8,833
/kaggle/input/datasets/andradaolteanu/gtzan-dataset-music-genre-classification/Data/genres_original/metal/metal.00081.wav,metal,6,681
/kaggle/input/datasets/andradaolteanu/gtzan-dataset-music-genre-classification/Data/genres_original/country/country.00020.wav,country,2,226
/kaggle/input/datasets/andradaolteanu/gtzan-dataset-music-genre-classification/Data/genres_original/classical/classical.00039.wav,classical,1,178
/kaggle/input/datasets/andradaolteanu/gtzan-dataset-music-genre-classification/Data/genres_original/reggae/reggae.00037.wav,reggae,8,889
/kaggle/input/datasets/andradaolteanu/gtzan-dataset-music-genre-classification/Data/genres_original/metal/metal.00003.wav,metal,6,680
/kaggle/input/datasets/andradaolteanu/gtzan-dataset-music-genre-classification/Data/genres_original/jazz/jazz.00097.wav,jazz,5,595
/kaggle/input/datasets/andradaolteanu/gtzan-dataset-music-genre-classification/Data/genres_original/disco/disco.00069.wav,disco,3,344
/kaggle/input/datasets/andradaolteanu/gtzan-dataset-music-genre-classification/Data/genres_original/disco/disco.00094.wav,disco,3,315
/kaggle/input/datasets/andradaolteanu/gtzan-dataset-music-genre-classification/Data/genres_original/rock/rock.00099.wav,rock,9,919
/kaggle/input/datasets/andradaolteanu/gtzan-dataset-music-genre-classification/Data/genres_original/country/country.00024.wav,country,2,225
/kaggle/input/datasets/andradaolteanu/gtzan-dataset-music-genre-classification/Data/genres_original/pop/pop.00090.wav,pop,7,729
/kaggle/input/datasets/andradaolteanu/gtzan-dataset-music-genre-classification/Data/genres_original/country/country.00086.wav,country,2,294
/kaggle/input/datasets/andradaolteanu/gtzan-dataset-music-genre-classification/Data/genres_original/pop/pop.00024.wav,pop,7,757
/kaggle/input/datasets/andradaolteanu/gtzan-dataset-music-genre-classification/Data/genres_original/reggae/reggae.00091.wav,reggae,8,827
/kaggle/input/datasets/andradaolteanu/gtzan-dataset-music-genre-classification/Data/genres_original/disco/disco.00046.wav,disco,3,366
/kaggle/input/datasets/andradaolteanu/gtzan-dataset-music-genre-classification/Data/genres_original/country/country.00075.wav,country,2,275
/kaggle/input/datasets/andradaolteanu/gtzan-dataset-music-genre-classification/Data/genres_original/pop/pop.00052.wav,pop,7,735
/kaggle/input/datasets/andradaolteanu/gtzan-dataset-music-genre-classification/Data/genres_original/hiphop/hiphop.00098.wav,hiphop,4,440
/kaggle/input/datasets/andradaolteanu/gtzan-dataset-music-genre-classification/Data/genres_original/pop/pop.00072.wav,pop,7,711
/kaggle/input/datasets/andradaolteanu/gtzan-dataset-music-genre-classification/Data/genres_original/reggae/reggae.00018.wav,reggae,8,811
/kaggle/input/datasets/andradaolteanu/gtzan-dataset-music-genre-classification/Data/genres_original/country/country.00016.wav,country,2,292
/kaggle/input/datasets/andradaolteanu/gtzan-dataset-music-genre-classification/Data/genres_original/hiphop/hiphop.00060.wav,hiphop,4,403
/kaggle/input/datasets/andradaolteanu/gtzan-dataset-music-genre-classification/Data/genres_original/country/country.00062.wav,country,2,230
/kaggle/input/datasets/andradaolteanu/gtzan-dataset-music-genre-classification/Data/genres_original/reggae/reggae.00082.wav,reggae,8,861
/kaggle/input/datasets/andradaolteanu/gtzan-dataset-music-genre-classification/Data/genres_original/hiphop/hiphop.00092.wav,hiphop,4,423
/kaggle/input/datasets/andradaolteanu/gtzan-dataset-music-genre-classification/Data/genres_original/rock/rock.00013.wav,rock,9,906
/kaggle/input/datasets/andradaolteanu/gtzan-dataset-music-genre-classification/Data/genres_original/blues/blues.00043.wav,blues,0,43
/kaggle/input/datasets/andradaolteanu/gtzan-dataset-music-genre-classification/Data/genres_original/blues/blues.00052.wav,blues,0,19
/kaggle/input/datasets/andradaolteanu/gtzan-dataset-music-genre-classification/Data/genres_original/classical/classical.00021.wav,classical,1,101
/kaggle/input/datasets/andradaolteanu/gtzan-dataset-music-genre-classification/Data/genres_original/country/country.00094.wav,country,2,234
/kaggle/input/datasets/andradaolteanu/gtzan-dataset-music-genre-classification/Data/genres_original/country/country.00045.wav,country,2,265
/kaggle/input/datasets/andradaolteanu/gtzan-dataset-music-genre-classification/Data/genres_original/jazz/jazz.00031.wav,jazz,5,515
/kaggle/input/datasets/andradaolteanu/gtzan-dataset-music-genre-classification/Data/genres_original/reggae/reggae.00026.wav,reggae,8,837
/kaggle/input/datasets/andradaolteanu/gtzan-dataset-music-genre-classification/Data/genres_original/rock/rock.00012.wav,rock,9,968
/kaggle/input/datasets/andradaolteanu/gtzan-dataset-music-genre-classification/Data/genres_original/disco/disco.00071.wav,disco,3,392
/kaggle/input/datasets/andradaolteanu/gtzan-dataset-music-genre-classification/Data/genres_original/metal/metal.00029.wav,metal,6,648
/kaggle/input/datasets/andradaolteanu/gtzan-dataset-music-genre-classification/Data/genres_original/country/country.00007.wav,country,2,207
/kaggle/input/datasets/andradaolteanu/gtzan-dataset-music-genre-classification/Data/genres_original/disco/disco.00023.wav,disco,3,310
/kaggle/input/datasets/andradaolteanu/gtzan-dataset-music-genre-classification/Data/genres_original/reggae/reggae.00093.wav,reggae,8,808
/kaggle/input/datasets/andradaolteanu/gtzan-dataset-music-genre-classification/Data/genres_original/hiphop/hiphop.00058.wav,hiphop,4,499
/kaggle/input/datasets/andradaolteanu/gtzan-dataset-music-genre-classification/Data/genres_original/pop/pop.00049.wav,pop,7,773
/kaggle/input/datasets/andradaolteanu/gtzan-dataset-music-genre-classification/Data/genres_original/blues/blues.00088.wav,blues,0,40
/kaggle/input/datasets/andradaolteanu/gtzan-dataset-music-genre-classification/Data/genres_original/metal/metal.00083.wav,metal,6,611
/kaggle/input/datasets/andradaolteanu/gtzan-dataset-music-genre-classification/Data/genres_original/jazz/jazz.00019.wav,jazz,5,560
/kaggle/input/datasets/andradaolteanu/gtzan-dataset-music-genre-classification/Data/genres_original/reggae/reggae.00075.wav,reggae,8,887
/kaggle/input/datasets/andradaolteanu/gtzan-dataset-music-genre-classification/Data/genres_original/pop/pop.00030.wav,pop,7,701
/kaggle/input/datasets/andradaolteanu/gtzan-dataset-music-genre-classification/Data/genres_original/classical/classical.00066.wav,classical,1,120
/kaggle/input/datasets/andradaolteanu/gtzan-dataset-music-genre-classification/Data/genres_original/reggae/reggae.00044.wav,reggae,8,814
/kaggle/input/datasets/andradaolteanu/gtzan-dataset-music-genre-classification/Data/genres_original/country/country.00055.wav,country,2,260
/kaggle/input/datasets/andradaolteanu/gtzan-dataset-music-genre-classification/Data/genres_original/pop/pop.00062.wav,pop,7,728
/kaggle/input/datasets/andradaolteanu/gtzan-dataset-music-genre-classification/Data/genres_original/blues/blues.00085.wav,blues,0,76
/kaggle/input/datasets/andradaolteanu/gtzan-dataset-music-genre-classification/Data/genres_original/blues/blues.00040.wav,blues,0,28
/kaggle/input/datasets/andradaolteanu/gtzan-dataset-music-genre-classification/Data/genres_original/blues/blues.00057.wav,blues,0,49
/kaggle/input/datasets/andradaolteanu/gtzan-dataset-music-genre-classification/Data/genres_original/reggae/reggae.00013.wav,reggae,8,816
/kaggle/input/datasets/andradaolteanu/gtzan-dataset-music-genre-classification/Data/genres_original/rock/rock.00031.wav,rock,9,964
/kaggle/input/datasets/andradaolteanu/gtzan-dataset-music-genre-classification/Data/genres_original/hiphop/hiphop.00008.wav,hiphop,4,465
/kaggle/input/datasets/andradaolteanu/gtzan-dataset-music-genre-classification/Data/genres_original/metal/metal.00087.wav,metal,6,652
/kaggle/input/datasets/andradaolteanu/gtzan-dataset-music-genre-classification/Data/genres_original/country/country.00063.wav,country,2,209
/kaggle/input/datasets/andradaolteanu/gtzan-dataset-music-genre-classification/Data/genres_original/hiphop/hiphop.00088.wav,hiphop,4,420
/kaggle/input/datasets/andradaolteanu/gtzan-dataset-music-genre-classification/Data/genres_original/reggae/reggae.00027.wav,reggae,8,880
/kaggle/input/datasets/andradaolteanu/gtzan-dataset-music-genre-classification/Data/genres_original/metal/metal.00082.wav,metal,6,640
/kaggle/input/datasets/andradaolteanu/gtzan-dataset-music-genre-classification/Data/genres_original/metal/metal.00064.wav,metal,6,656
/kaggle/input/datasets/andradaolteanu/gtzan-dataset-music-genre-classification/Data/genres_original/classical/classical.00024.wav,classical,1,182
/kaggle/input/datasets/andradaolteanu/gtzan-dataset-music-genre-classification/Data/genres_original/classical/classical.00082.wav,classical,1,163
/kaggle/input/datasets/andradaolteanu/gtzan-dataset-music-genre-classification/Data/genres_original/reggae/reggae.00089.wav,reggae,8,813
/kaggle/input/datasets/andradaolteanu/gtzan-dataset-music-genre-classification/Data/genres_original/country/country.00099.wav,country,2,212
/kaggle/input/datasets/andradaolteanu/gtzan-dataset-music-genre-classification/Data/genres_original/blues/blues.00016.wav,blues,0,45
/kaggle/input/datasets/andradaolteanu/gtzan-dataset-music-genre-classification/Data/genres_original/disco/disco.00031.wav,disco,3,300
/kaggle/input/datasets/andradaolteanu/gtzan-dataset-music-genre-classification/Data/genres_original/disco/disco.00013.wav,disco,3,359
/kaggle/input/datasets/andradaolteanu/gtzan-dataset-music-genre-classification/Data/genres_original/disco/disco.00044.wav,disco,3,379
/kaggle/input/datasets/andradaolteanu/gtzan-dataset-music-genre-classification/Data/genres_original/country/country.00018.wav,country,2,264
/kaggle/input/datasets/andradaolteanu/gtzan-dataset-music-genre-classification/Data/genres_original/jazz/jazz.00022.wav,jazz,5,532
/kaggle/input/datasets/andradaolteanu/gtzan-dataset-music-genre-classification/Data/genres_original/hiphop/hiphop.00024.wav,hiphop,4,494
/kaggle/input/datasets/andradaolteanu/gtzan-dataset-music-genre-classification/Data/genres_original/disco/disco.00052.wav,disco,3,340
/kaggle/input/datasets/andradaolteanu/gtzan-dataset-music-genre-classification/Data/genres_original/blues/blues.00079.wav,blues,0,16
/kaggle/input/datasets/andradaolteanu/gtzan-dataset-music-genre-classification/Data/genres_original/blues/blues.00002.wav,blues,0,10
/kaggle/input/datasets/andradaolteanu/gtzan-dataset-music-genre-classification/Data/genres_original/blues/blues.00025.wav,blues,0,33
/kaggle/input/datasets/andradaolteanu/gtzan-dataset-music-genre-classification/Data/genres_original/rock/rock.00004.wav,rock,9,901
/kaggle/input/datasets/andradaolteanu/gtzan-dataset-music-genre-classification/Data/genres_original/classical/classical.00092.wav,classical,1,145
/kaggle/input/datasets/andradaolteanu/gtzan-dataset-music-genre-classification/Data/genres_original/jazz/jazz.00048.wav,jazz,5,505
/kaggle/input/datasets/andradaolteanu/gtzan-dataset-music-genre-classification/Data/genres_original/country/country.00005.wav,country,2,270
/kaggle/input/datasets/andradaolteanu/gtzan-dataset-music-genre-classification/Data/genres_original/disco/disco.00007.wav,disco,3,372
/kaggle/input/datasets/andradaolteanu/gtzan-dataset-music-genre-classification/Data/genres_original/classical/classical.00015.wav,classical,1,112
/kaggle/input/datasets/andradaolteanu/gtzan-dataset-music-genre-classification/Data/genres_original/pop/pop.00009.wav,pop,7,731
/kaggle/input/datasets/andradaolteanu/gtzan-dataset-music-genre-classification/Data/genres_original/blues/blues.00084.wav,blues,0,36
/kaggle/input/datasets/andradaolteanu/gtzan-dataset-music-genre-classification/Data/genres_original/pop/pop.00066.wav,pop,7,745
/kaggle/input/datasets/andradaolteanu/gtzan-dataset-music-genre-classification/Data/genres_original/country/country.00071.wav,country,2,240
/kaggle/input/datasets/andradaolteanu/gtzan-dataset-music-genre-classification/Data/genres_original/reggae/reggae.00074.wav,reggae,8,853
/kaggle/input/datasets/andradaolteanu/gtzan-dataset-music-genre-classification/Data/genres_original/classical/classical.00096.wav,classical,1,159
/kaggle/input/datasets/andradaolteanu/gtzan-dataset-music-genre-classification/Data/genres_original/disco/disco.00067.wav,disco,3,373
/kaggle/input/datasets/andradaolteanu/gtzan-dataset-music-genre-classification/Data/genres_original/jazz/jazz.00091.wav,jazz,5,592
/kaggle/input/datasets/andradaolteanu/gtzan-dataset-music-genre-classification/Data/genres_original/reggae/reggae.00014.wav,reggae,8,892
/kaggle/input/datasets/andradaolteanu/gtzan-dataset-music-genre-classification/Data/genres_original/jazz/jazz.00082.wav,jazz,5,531
/kaggle/input/datasets/andradaolteanu/gtzan-dataset-music-genre-classification/Data/genres_original/metal/metal.00058.wav,metal,6,606
/kaggle/input/datasets/andradaolteanu/gtzan-dataset-music-genre-classification/Data/genres_original/blues/blues.00069.wav,blues,0,17
/kaggle/input/datasets/andradaolteanu/gtzan-dataset-music-genre-classification/Data/genres_original/disco/disco.00080.wav,disco,3,342
/kaggle/input/datasets/andradaolteanu/gtzan-dataset-music-genre-classification/Data/genres_original/jazz/jazz.00010.wav,jazz,5,504
/kaggle/input/datasets/andradaolteanu/gtzan-dataset-music-genre-classification/Data/genres_original/pop/pop.00076.wav,pop,7,771
/kaggle/input/datasets/andradaolteanu/gtzan-dataset-music-genre-classification/Data/genres_original/disco/disco.00009.wav,disco,3,367
/kaggle/input/datasets/andradaolteanu/gtzan-dataset-music-genre-classification/Data/genres_original/rock/rock.00057.wav,rock,9,911
/kaggle/input/datasets/andradaolteanu/gtzan-dataset-music-genre-classification/Data/genres_original/hiphop/hiphop.00053.wav,hiphop,4,497
/kaggle/input/datasets/andradaolteanu/gtzan-dataset-music-genre-classification/Data/genres_original/rock/rock.00093.wav,rock,9,942
/kaggle/input/datasets/andradaolteanu/gtzan-dataset-music-genre-classification/Data/genres_original/blues/blues.00060.wav,blues,0,31
/kaggle/input/datasets/andradaolteanu/gtzan-dataset-music-genre-classification/Data/genres_original/reggae/reggae.00010.wav,reggae,8,893
/kaggle/input/datasets/andradaolteanu/gtzan-dataset-music-genre-classification/Data/genres_original/classical/classical.00027.wav,classical,1,105
/kaggle/input/datasets/andradaolteanu/gtzan-dataset-music-genre-classification/Data/genres_original/metal/metal.00060.wav,metal,6,679
/kaggle/input/datasets/andradaolteanu/gtzan-dataset-music-genre-classification/Data/genres_original/country/country.00019.wav,country,2,249
/kaggle/input/datasets/andradaolteanu/gtzan-dataset-music-genre-classification/Data/genres_original/reggae/reggae.00070.wav,reggae,8,852
/kaggle/input/datasets/andradaolteanu/gtzan-dataset-music-genre-classification/Data/genres_original/disco/disco.00058.wav,disco,3,391
/kaggle/input/datasets/andradaolteanu/gtzan-dataset-music-genre-classification/Data/genres_original/rock/rock.00097.wav,rock,9,917
/kaggle/input/datasets/andradaolteanu/gtzan-dataset-music-genre-classification/Data/genres_original/jazz/jazz.00062.wav,jazz,5,569
/kaggle/input/datasets/andradaolteanu/gtzan-dataset-music-genre-classification/Data/genres_original/country/country.00001.wav,country,2,256
/kaggle/input/datasets/andradaolteanu/gtzan-dataset-music-genre-classification/Data/genres_original/hiphop/hiphop.00074.wav,hiphop,4,490
/kaggle/input/datasets/andradaolteanu/gtzan-dataset-music-genre-classification/Data/genres_original/jazz/jazz.00095.wav,jazz,5,546
/kaggle/input/datasets/andradaolteanu/gtzan-dataset-music-genre-classification/Data/genres_original/blues/blues.00076.wav,blues,0,53
/kaggle/input/datasets/andradaolteanu/gtzan-dataset-music-genre-classification/Data/genres_original/classical/classical.00068.wav,classical,1,193
/kaggle/input/datasets/andradaolteanu/gtzan-dataset-music-genre-classification/Data/genres_original/country/country.00072.wav,country,2,278
/kaggle/input/datasets/andradaolteanu/gtzan-dataset-music-genre-classification/Data/genres_original/pop/pop.00054.wav,pop,7,707
/kaggle/input/datasets/andradaolteanu/gtzan-dataset-music-genre-classification/Data/genres_original/blues/blues.00024.wav,blues,0,5
/kaggle/input/datasets/andradaolteanu/gtzan-dataset-music-genre-classification/Data/genres_original/jazz/jazz.00033.wav,jazz,5,540
/kaggle/input/datasets/andradaolteanu/gtzan-dataset-music-genre-classification/Data/genres_original/jazz/jazz.00068.wav,jazz,5,570
/kaggle/input/datasets/andradaolteanu/gtzan-dataset-music-genre-classification/Data/genres_original/classical/classical.00058.wav,classical,1,110
/kaggle/input/datasets/andradaolteanu/gtzan-dataset-music-genre-classification/Data/genres_original/country/country.00002.wav,country,2,242
/kaggle/input/datasets/andradaolteanu/gtzan-dataset-music-genre-classification/Data/genres_original/classical/classical.00014.wav,classical,1,155
/kaggle/input/datasets/andradaolteanu/gtzan-dataset-music-genre-classification/Data/genres_original/country/country.00053.wav,country,2,244
/kaggle/input/datasets/andradaolteanu/gtzan-dataset-music-genre-classification/Data/genres_original/reggae/reggae.00060.wav,reggae,8,828
/kaggle/input/datasets/andradaolteanu/gtzan-dataset-music-genre-classification/Data/genres_original/disco/disco.00059.wav,disco,3,349
/kaggle/input/datasets/andradaolteanu/gtzan-dataset-music-genre-classification/Data/genres_original/hiphop/hiphop.00045.wav,hiphop,4,476
/kaggle/input/datasets/andradaolteanu/gtzan-dataset-music-genre-classification/Data/genres_original/blues/blues.00099.wav,blues,0,22
/kaggle/input/datasets/andradaolteanu/gtzan-dataset-music-genre-classification/Data/genres_original/metal/metal.00074.wav,metal,6,614
/kaggle/input/datasets/andradaolteanu/gtzan-dataset-music-genre-classification/Data/genres_original/metal/metal.00052.wav,metal,6,667
/kaggle/input/datasets/andradaolteanu/gtzan-dataset-music-genre-classification/Data/genres_original/hiphop/hiphop.00025.wav,hiphop,4,470
/kaggle/input/datasets/andradaolteanu/gtzan-dataset-music-genre-classification/Data/genres_original/disco/disco.00042.wav,disco,3,356
/kaggle/input/datasets/andradaolteanu/gtzan-dataset-music-genre-classification/Data/genres_original/jazz/jazz.00041.wav,jazz,5,527
/kaggle/input/datasets/andradaolteanu/gtzan-dataset-music-genre-classification/Data/genres_original/reggae/reggae.00036.wav,reggae,8,810
/kaggle/input/datasets/andradaolteanu/gtzan-dataset-music-genre-classification/Data/genres_original/reggae/reggae.00095.wav,reggae,8,867
/kaggle/input/datasets/andradaolteanu/gtzan-dataset-music-genre-classification/Data/genres_original/rock/rock.00068.wav,rock,9,972
/kaggle/input/datasets/andradaolteanu/gtzan-dataset-music-genre-classification/Data/genres_original/rock/rock.00086.wav,rock,9,941
/kaggle/input/datasets/andradaolteanu/gtzan-dataset-music-genre-classification/Data/genres_original/metal/metal.00039.wav,metal,6,627
/kaggle/input/datasets/andradaolteanu/gtzan-dataset-music-genre-classification/Data/genres_original/jazz/jazz.00013.wav,jazz,5,508
/kaggle/input/datasets/andradaolteanu/gtzan-dataset-music-genre-classification/Data/genres_original/pop/pop.00004.wav,pop,7,780
/kaggle/input/datasets/andradaolteanu/gtzan-dataset-music-genre-classification/Data/genres_original/reggae/reggae.00025.wav,reggae,8,846
/kaggle/input/datasets/andradaolteanu/gtzan-dataset-music-genre-classification/Data/genres_original/classical/classical.00060.wav,classical,1,167
/kaggle/input/datasets/andradaolteanu/gtzan-dataset-music-genre-classification/Data/genres_original/hiphop/hiphop.00029.wav,hiphop,4,474
/kaggle/input/datasets/andradaolteanu/gtzan-dataset-music-genre-classification/Data/genres_original/rock/rock.00027.wav,rock,9,986
/kaggle/input/datasets/andradaolteanu/gtzan-dataset-music-genre-classification/Data/genres_original/classical/classical.00046.wav,classical,1,130
/kaggle/input/datasets/andradaolteanu/gtzan-dataset-music-genre-classification/Data/genres_original/classical/classical.00071.wav,classical,1,109
/kaggle/input/datasets/andradaolteanu/gtzan-dataset-music-genre-classification/Data/genres_original/rock/rock.00002.wav,rock,9,909
/kaggle/input/datasets/andradaolteanu/gtzan-dataset-music-genre-classification/Data/genres_original/pop/pop.00070.wav,pop,7,774
/kaggle/input/datasets/andradaolteanu/gtzan-dataset-music-genre-classification/Data/genres_original/reggae/reggae.00052.wav,reggae,8,858
/kaggle/input/datasets/andradaolteanu/gtzan-dataset-music-genre-classification/Data/genres_original/rock/rock.00072.wav,rock,9,950
/kaggle/input/datasets/andradaolteanu/gtzan-dataset-music-genre-classification/Data/genres_original/disco/disco.00083.wav,disco,3,335
/kaggle/input/datasets/andradaolteanu/gtzan-dataset-music-genre-classification/Data/genres_original/blues/blues.00073.wav,blues,0,38
/kaggle/input/datasets/andradaolteanu/gtzan-dataset-music-genre-classification/Data/genres_original/hiphop/hiphop.00070.wav,hiphop,4,464
/kaggle/input/datasets/andradaolteanu/gtzan-dataset-music-genre-classification/Data/genres_original/metal/metal.00077.wav,metal,6,604
/kaggle/input/datasets/andradaolteanu/gtzan-dataset-music-genre-classification/Data/genres_original/reggae/reggae.00022.wav,reggae,8,857
/kaggle/input/datasets/andradaolteanu/gtzan-dataset-music-genre-classification/Data/genres_original/blues/blues.00068.wav,blues,0,80
/kaggle/input/datasets/andradaolteanu/gtzan-dataset-music-genre-classification/Data/genres_original/hiphop/hiphop.00011.wav,hiphop,4,460
/kaggle/input/datasets/andradaolteanu/gtzan-dataset-music-genre-classification/Data/genres_original/rock/rock.00007.wav,rock,9,960
/kaggle/input/datasets/andradaolteanu/gtzan-dataset-music-genre-classification/Data/genres_original/country/country.00089.wav,country,2,281
/kaggle/input/datasets/andradaolteanu/gtzan-dataset-music-genre-classification/Data/genres_original/pop/pop.00081.wav,pop,7,750
/kaggle/input/datasets/andradaolteanu/gtzan-dataset-music-genre-classification/Data/genres_original/pop/pop.00042.wav,pop,7,714
/kaggle/input/datasets/andradaolteanu/gtzan-dataset-music-genre-classification/Data/genres_original/classical/classical.00064.wav,classical,1,139
/kaggle/input/datasets/andradaolteanu/gtzan-dataset-music-genre-classification/Data/genres_original/jazz/jazz.00090.wav,jazz,5,583
/kaggle/input/datasets/andradaolteanu/gtzan-dataset-music-genre-classification/Data/genres_original/country/country.00012.wav,country,2,250
/kaggle/input/datasets/andradaolteanu/gtzan-dataset-music-genre-classification/Data/genres_original/metal/metal.00017.wav,metal,6,609
/kaggle/input/datasets/andradaolteanu/gtzan-dataset-music-genre-classification/Data/genres_original/blues/blues.00064.wav,blues,0,8
/kaggle/input/datasets/andradaolteanu/gtzan-dataset-music-genre-classification/Data/genres_original/disco/disco.00049.wav,disco,3,370
/kaggle/input/datasets/andradaolteanu/gtzan-dataset-music-genre-classification/Data/genres_original/disco/disco.00068.wav,disco,3,354
/kaggle/input/datasets/andradaolteanu/gtzan-dataset-music-genre-classification/Data/genres_original/classical/classical.00089.wav,classical,1,119
/kaggle/input/datasets/andradaolteanu/gtzan-dataset-music-genre-classification/Data/genres_original/classical/classical.00079.wav,classical,1,129
/kaggle/input/datasets/andradaolteanu/gtzan-dataset-music-genre-classification/Data/genres_original/pop/pop.00080.wav,pop,7,751
/kaggle/input/datasets/andradaolteanu/gtzan-dataset-music-genre-classification/Data/genres_original/country/country.00040.wav,country,2,222
/kaggle/input/datasets/andradaolteanu/gtzan-dataset-music-genre-classification/Data/genres_original/country/country.00047.wav,country,2,288
/kaggle/input/datasets/andradaolteanu/gtzan-dataset-music-genre-classification/Data/genres_original/reggae/reggae.00098.wav,reggae,8,876
/kaggle/input/datasets/andradaolteanu/gtzan-dataset-music-genre-classification/Data/genres_original/blues/blues.00001.wav,blues,0,77
/kaggle/input/datasets/andradaolteanu/gtzan-dataset-music-genre-classification/Data/genres_original/blues/blues.00063.wav,blues,0,12
/kaggle/input/datasets/andradaolteanu/gtzan-dataset-music-genre-classification/Data/genres_original/metal/metal.00065.wav,metal,6,672
/kaggle/input/datasets/andradaolteanu/gtzan-dataset-music-genre-classification/Data/genres_original/country/country.00069.wav,country,2,283
/kaggle/input/datasets/andradaolteanu/gtzan-dataset-music-genre-classification/Data/genres_original/hiphop/hiphop.00016.wav,hiphop,4,468
/kaggle/input/datasets/andradaolteanu/gtzan-dataset-music-genre-classification/Data/genres_original/metal/metal.00034.wav,metal,6,659
/kaggle/input/datasets/andradaolteanu/gtzan-dataset-music-genre-classification/Data/genres_original/metal/metal.00097.wav,metal,6,647
/kaggle/input/datasets/andradaolteanu/gtzan-dataset-music-genre-classification/Data/genres_original/hiphop/hiphop.00028.wav,hiphop,4,441
/kaggle/input/datasets/andradaolteanu/gtzan-dataset-music-genre-classification/Data/genres_original/reggae/reggae.00024.wav,reggae,8,819
/kaggle/input/datasets/andradaolteanu/gtzan-dataset-music-genre-classification/Data/genres_original/blues/blues.00071.wav,blues,0,47
/kaggle/input/datasets/andradaolteanu/gtzan-dataset-music-genre-classification/Data/genres_original/hiphop/hiphop.00043.wav,hiphop,4,466
/kaggle/input/datasets/andradaolteanu/gtzan-dataset-music-genre-classification/Data/genres_original/metal/metal.00068.wav,metal,6,650
/kaggle/input/datasets/andradaolteanu/gtzan-dataset-music-genre-classification/Data/genres_original/disco/disco.00076.wav,disco,3,393
/kaggle/input/datasets/andradaolteanu/gtzan-dataset-music-genre-classification/Data/genres_original/reggae/reggae.00031.wav,reggae,8,888
/kaggle/input/datasets/andradaolteanu/gtzan-dataset-music-genre-classification/Data/genres_original/hiphop/hiphop.00077.wav,hiphop,4,471
/kaggle/input/datasets/andradaolteanu/gtzan-dataset-music-genre-classification/Data/genres_original/jazz/jazz.00027.wav,jazz,5,538
/kaggle/input/datasets/andradaolteanu/gtzan-dataset-music-genre-classification/Data/genres_original/reggae/reggae.00000.wav,reggae,8,873
/kaggle/input/datasets/andradaolteanu/gtzan-dataset-music-genre-classification/Data/genres_original/metal/metal.00059.wav,metal,6,610
/kaggle/input/datasets/andradaolteanu/gtzan-dataset-music-genre-classification/Data/genres_original/hiphop/hiphop.00093.wav,hiphop,4,436
/kaggle/input/datasets/andradaolteanu/gtzan-dataset-music-genre-classification/Data/genres_original/country/country.00067.wav,country,2,221
/kaggle/input/datasets/andradaolteanu/gtzan-dataset-music-genre-classification/Data/genres_original/jazz/jazz.00002.wav,jazz,5,590
/kaggle/input/datasets/andradaolteanu/gtzan-dataset-music-genre-classification/Data/genres_original/classical/classical.00077.wav,classical,1,166
/kaggle/input/datasets/andradaolteanu/gtzan-dataset-music-genre-classification/Data/genres_original/blues/blues.00041.wav,blues,0,62
/kaggle/input/datasets/andradaolteanu/gtzan-dataset-music-genre-classification/Data/genres_original/metal/metal.00054.wav,metal,6,686
/kaggle/input/datasets/andradaolteanu/gtzan-dataset-music-genre-classification/Data/genres_original/country/country.00003.wav,country,2,246
/kaggle/input/datasets/andradaolteanu/gtzan-dataset-music-genre-classification/Data/genres_original/blues/blues.00097.wav,blues,0,54
/kaggle/input/datasets/andradaolteanu/gtzan-dataset-music-genre-classification/Data/genres_original/hiphop/hiphop.00076.wav,hiphop,4,477
/kaggle/input/datasets/andradaolteanu/gtzan-dataset-music-genre-classification/Data/genres_original/country/country.00061.wav,country,2,247
/kaggle/input/datasets/andradaolteanu/gtzan-dataset-music-genre-classification/Data/genres_original/country/country.00038.wav,country,2,253
/kaggle/input/datasets/andradaolteanu/gtzan-dataset-music-genre-classification/Data/genres_original/pop/pop.00023.wav,pop,7,734
/kaggle/input/datasets/andradaolteanu/gtzan-dataset-music-genre-classification/Data/genres_original/country/country.00030.wav,country,2,208
/kaggle/input/datasets/andradaolteanu/gtzan-dataset-music-genre-classification/Data/genres_original/blues/blues.00089.wav,blues,0,69
/kaggle/input/datasets/andradaolteanu/gtzan-dataset-music-genre-classification/Data/genres_original/reggae/reggae.00021.wav,reggae,8,840
/kaggle/input/datasets/andradaolteanu/gtzan-dataset-music-genre-classification/Data/genres_original/rock/rock.00064.wav,rock,9,922
/kaggle/input/datasets/andradaolteanu/gtzan-dataset-music-genre-classification/Data/genres_original/pop/pop.00085.wav,pop,7,793
/kaggle/input/datasets/andradaolteanu/gtzan-dataset-music-genre-classification/Data/genres_original/hiphop/hiphop.00003.wav,hiphop,4,483
/kaggle/input/datasets/andradaolteanu/gtzan-dataset-music-genre-classification/Data/genres_original/jazz/jazz.00052.wav,jazz,5,512
/kaggle/input/datasets/andradaolteanu/gtzan-dataset-music-genre-classification/Data/genres_original/metal/metal.00045.wav,metal,6,636
/kaggle/input/datasets/andradaolteanu/gtzan-dataset-music-genre-classification/Data/genres_original/reggae/reggae.00001.wav,reggae,8,899
/kaggle/input/datasets/andradaolteanu/gtzan-dataset-music-genre-classification/Data/genres_original/jazz/jazz.00045.wav,jazz,5,543
/kaggle/input/datasets/andradaolteanu/gtzan-dataset-music-genre-classification/Data/genres_original/classical/classical.00061.wav,classical,1,115
/kaggle/input/datasets/andradaolteanu/gtzan-dataset-music-genre-classification/Data/genres_original/pop/pop.00074.wav,pop,7,747
/kaggle/input/datasets/andradaolteanu/gtzan-dataset-music-genre-classification/Data/genres_original/disco/disco.00061.wav,disco,3,357
/kaggle/input/datasets/andradaolteanu/gtzan-dataset-music-genre-classification/Data/genres_original/rock/rock.00073.wav,rock,9,900
/kaggle/input/datasets/andradaolteanu/gtzan-dataset-music-genre-classification/Data/genres_original/classical/classical.00045.wav,classical,1,185
/kaggle/input/datasets/andradaolteanu/gtzan-dataset-music-genre-classification/Data/genres_original/hiphop/hiphop.00068.wav,hiphop,4,482
/kaggle/input/datasets/andradaolteanu/gtzan-dataset-music-genre-classification/Data/genres_original/metal/metal.00094.wav,metal,6,633
/kaggle/input/datasets/andradaolteanu/gtzan-dataset-music-genre-classification/Data/genres_original/country/country.00043.wav,country,2,217
/kaggle/input/datasets/andradaolteanu/gtzan-dataset-music-genre-classification/Data/genres_original/classical/classical.00002.wav,classical,1,151
/kaggle/input/datasets/andradaolteanu/gtzan-dataset-music-genre-classification/Data/genres_original/hiphop/hiphop.00004.wav,hiphop,4,437
/kaggle/input/datasets/andradaolteanu/gtzan-dataset-music-genre-classification/Data/genres_original/metal/metal.00004.wav,metal,6,601
/kaggle/input/datasets/andradaolteanu/gtzan-dataset-music-genre-classification/Data/genres_original/jazz/jazz.00059.wav,jazz,5,564
/kaggle/input/datasets/andradaolteanu/gtzan-dataset-music-genre-classification/Data/genres_original/reggae/reggae.00069.wav,reggae,8,882
/kaggle/input/datasets/andradaolteanu/gtzan-dataset-music-genre-classification/Data/genres_original/blues/blues.00054.wav,blues,0,83
/kaggle/input/datasets/andradaolteanu/gtzan-dataset-music-genre-classification/Data/genres_original/country/country.00077.wav,country,2,236
/kaggle/input/datasets/andradaolteanu/gtzan-dataset-music-genre-classification/Data/genres_original/rock/rock.00037.wav,rock,9,979
/kaggle/input/datasets/andradaolteanu/gtzan-dataset-music-genre-classification/Data/genres_original/reggae/reggae.00099.wav,reggae,8,856
/kaggle/input/datasets/andradaolteanu/gtzan-dataset-music-genre-classification/Data/genres_original/jazz/jazz.00083.wav,jazz,5,584
/kaggle/input/datasets/andradaolteanu/gtzan-dataset-music-genre-classification/Data/genres_original/jazz/jazz.00047.wav,jazz,5,518
/kaggle/input/datasets/andradaolteanu/gtzan-dataset-music-genre-classification/Data/genres_original/hiphop/hiphop.00055.wav,hiphop,4,402
/kaggle/input/datasets/andradaolteanu/gtzan-dataset-music-genre-classification/Data/genres_original/rock/rock.00022.wav,rock,9,918
/kaggle/input/datasets/andradaolteanu/gtzan-dataset-music-genre-classification/Data/genres_original/metal/metal.00011.wav,metal,6,658
/kaggle/input/datasets/andradaolteanu/gtzan-dataset-music-genre-classification/Data/genres_original/blues/blues.00013.wav,blues,0,9
/kaggle/input/datasets/andradaolteanu/gtzan-dataset-music-genre-classification/Data/genres_original/blues/blues.00080.wav,blues,0,24
/kaggle/input/datasets/andradaolteanu/gtzan-dataset-music-genre-classification/Data/genres_original/jazz/jazz.00058.wav,jazz,5,565
/kaggle/input/datasets/andradaolteanu/gtzan-dataset-music-genre-classification/Data/genres_original/reggae/reggae.00097.wav,reggae,8,851
/kaggle/input/datasets/andradaolteanu/gtzan-dataset-music-genre-classification/Data/genres_original/classical/classical.00001.wav,classical,1,190
/kaggle/input/datasets/andradaolteanu/gtzan-dataset-music-genre-classification/Data/genres_original/classical/classical.00062.wav,classical,1,131
/kaggle/input/datasets/andradaolteanu/gtzan-dataset-music-genre-classification/Data/genres_original/classical/classical.00005.wav,classical,1,144
/kaggle/input/datasets/andradaolteanu/gtzan-dataset-music-genre-classification/Data/genres_original/rock/rock.00096.wav,rock,9,931
/kaggle/input/datasets/andradaolteanu/gtzan-dataset-music-genre-classification/Data/genres_original/jazz/jazz.00016.wav,jazz,5,562
/kaggle/input/datasets/andradaolteanu/gtzan-dataset-music-genre-classification/Data/genres_original/metal/metal.00030.wav,metal,6,697
/kaggle/input/datasets/andradaolteanu/gtzan-dataset-music-genre-classification/Data/genres_original/country/country.00035.wav,country,2,266
/kaggle/input/datasets/andradaolteanu/gtzan-dataset-music-genre-classification/Data/genres_original/rock/rock.00032.wav,rock,9,975
/kaggle/input/datasets/andradaolteanu/gtzan-dataset-music-genre-classification/Data/genres_original/country/country.00009.wav,country,2,248
/kaggle/input/datasets/andradaolteanu/gtzan-dataset-music-genre-classification/Data/genres_original/disco/disco.00085.wav,disco,3,394
/kaggle/input/datasets/andradaolteanu/gtzan-dataset-music-genre-classification/Data/genres_original/jazz/jazz.00001.wav,jazz,5,530
/kaggle/input/datasets/andradaolteanu/gtzan-dataset-music-genre-classification/Data/genres_original/jazz/jazz.00009.wav,jazz,5,596
/kaggle/input/datasets/andradaolteanu/gtzan-dataset-music-genre-classification/Data/genres_original/hiphop/hiphop.00094.wav,hiphop,4,401
/kaggle/input/datasets/andradaolteanu/gtzan-dataset-music-genre-classification/Data/genres_original/hiphop/hiphop.00072.wav,hiphop,4,421
/kaggle/input/datasets/andradaolteanu/gtzan-dataset-music-genre-classification/Data/genres_original/rock/rock.00066.wav,rock,9,946
/kaggle/input/datasets/andradaolteanu/gtzan-dataset-music-genre-classification/Data/genres_original/classical/classical.00003.wav,classical,1,138
/kaggle/input/datasets/andradaolteanu/gtzan-dataset-music-genre-classification/Data/genres_original/rock/rock.00035.wav,rock,9,926
/kaggle/input/datasets/andradaolteanu/gtzan-dataset-music-genre-classification/Data/genres_original/rock/rock.00018.wav,rock,9,947
/kaggle/input/datasets/andradaolteanu/gtzan-dataset-music-genre-classification/Data/genres_original/blues/blues.00015.wav,blues,0,18
/kaggle/input/datasets/andradaolteanu/gtzan-dataset-music-genre-classification/Data/genres_original/blues/blues.00014.wav,blues,0,61
/kaggle/input/datasets/andradaolteanu/gtzan-dataset-music-genre-classification/Data/genres_original/hiphop/hiphop.00013.wav,hiphop,4,406
/kaggle/input/datasets/andradaolteanu/gtzan-dataset-music-genre-classification/Data/genres_original/hiphop/hiphop.00069.wav,hiphop,4,489
/kaggle/input/datasets/andradaolteanu/gtzan-dataset-music-genre-classification/Data/genres_original/reggae/reggae.00077.wav,reggae,8,848
/kaggle/input/datasets/andradaolteanu/gtzan-dataset-music-genre-classification/Data/genres_original/classical/classical.00006.wav,classical,1,188
/kaggle/input/datasets/andradaolteanu/gtzan-dataset-music-genre-classification/Data/genres_original/rock/rock.00054.wav,rock,9,938
/kaggle/input/datasets/andradaolteanu/gtzan-dataset-music-genre-classification/Data/genres_original/classical/classical.00081.wav,classical,1,128
/kaggle/input/datasets/andradaolteanu/gtzan-dataset-music-genre-classification/Data/genres_original/hiphop/hiphop.00001.wav,hiphop,4,435
/kaggle/input/datasets/andradaolteanu/gtzan-dataset-music-genre-classification/Data/genres_original/blues/blues.00004.wav,blues,0,81
/kaggle/input/datasets/andradaolteanu/gtzan-dataset-music-genre-classification/Data/genres_original/rock/rock.00083.wav,rock,9,928
/kaggle/input/datasets/andradaolteanu/gtzan-dataset-music-genre-classification/Data/genres_original/disco/disco.00048.wav,disco,3,346
/kaggle/input/datasets/andradaolteanu/gtzan-dataset-music-genre-classification/Data/genres_original/rock/rock.00036.wav,rock,9,916
/kaggle/input/datasets/andradaolteanu/gtzan-dataset-music-genre-classification/Data/genres_original/rock/rock.00070.wav,rock,9,966
/kaggle/input/datasets/andradaolteanu/gtzan-dataset-music-genre-classification/Data/genres_original/disco/disco.00008.wav,disco,3,384
/kaggle/input/datasets/andradaolteanu/gtzan-dataset-music-genre-classification/Data/genres_original/disco/disco.00004.wav,disco,3,314
/kaggle/input/datasets/andradaolteanu/gtzan-dataset-music-genre-classification/Data/genres_original/country/country.00014.wav,country,2,213
/kaggle/input/datasets/andradaolteanu/gtzan-dataset-music-genre-classification/Data/genres_original/classical/classical.00098.wav,classical,1,152
/kaggle/input/datasets/andradaolteanu/gtzan-dataset-music-genre-classification/Data/genres_original/rock/rock.00056.wav,rock,9,915
/kaggle/input/datasets/andradaolteanu/gtzan-dataset-music-genre-classification/Data/genres_original/pop/pop.00083.wav,pop,7,779
/kaggle/input/datasets/andradaolteanu/gtzan-dataset-music-genre-classification/Data/genres_original/pop/pop.00005.wav,pop,7,786
/kaggle/input/datasets/andradaolteanu/gtzan-dataset-music-genre-classification/Data/genres_original/reggae/reggae.00062.wav,reggae,8,843
/kaggle/input/datasets/andradaolteanu/gtzan-dataset-music-genre-classification/Data/genres_original/country/country.00068.wav,country,2,224
/kaggle/input/datasets/andradaolteanu/gtzan-dataset-music-genre-classification/Data/genres_original/disco/disco.00012.wav,disco,3,325
/kaggle/input/datasets/andradaolteanu/gtzan-dataset-music-genre-classification/Data/genres_original/rock/rock.00063.wav,rock,9,990
/kaggle/input/datasets/andradaolteanu/gtzan-dataset-music-genre-classification/Data/genres_original/jazz/jazz.00012.wav,jazz,5,547
/kaggle/input/datasets/andradaolteanu/gtzan-dataset-music-genre-classification/Data/genres_original/classical/classical.00007.wav,classical,1,118
/kaggle/input/datasets/andradaolteanu/gtzan-dataset-music-genre-classification/Data/genres_original/metal/metal.00037.wav,metal,6,626
/kaggle/input/datasets/andradaolteanu/gtzan-dataset-music-genre-classification/Data/genres_original/pop/pop.00027.wav,pop,7,738
/kaggle/input/datasets/andradaolteanu/gtzan-dataset-music-genre-classification/Data/genres_original/country/country.00088.wav,country,2,245
/kaggle/input/datasets/andradaolteanu/gtzan-dataset-music-genre-classification/Data/genres_original/jazz/jazz.00067.wav,jazz,5,599
/kaggle/input/datasets/andradaolteanu/gtzan-dataset-music-genre-classification/Data/genres_original/disco/disco.00029.wav,disco,3,377
/kaggle/input/datasets/andradaolteanu/gtzan-dataset-music-genre-classification/Data/genres_original/metal/metal.00063.wav,metal,6,696
/kaggle/input/datasets/andradaolteanu/gtzan-dataset-music-genre-classification/Data/genres_original/hiphop/hiphop.00065.wav,hiphop,4,424
/kaggle/input/datasets/andradaolteanu/gtzan-dataset-music-genre-classification/Data/genres_original/reggae/reggae.00007.wav,reggae,8,825
/kaggle/input/datasets/andradaolteanu/gtzan-dataset-music-genre-classification/Data/genres_original/blues/blues.00017.wav,blues,0,90
/kaggle/input/datasets/andradaolteanu/gtzan-dataset-music-genre-classification/Data/genres_original/pop/pop.00053.wav,pop,7,715
/kaggle/input/datasets/andradaolteanu/gtzan-dataset-music-genre-classification/Data/genres_original/metal/metal.00056.wav,metal,6,654
/kaggle/input/datasets/andradaolteanu/gtzan-dataset-music-genre-classification/Data/genres_original/pop/pop.00067.wav,pop,7,733
/kaggle/input/datasets/andradaolteanu/gtzan-dataset-music-genre-classification/Data/genres_original/country/country.00048.wav,country,2,287
/kaggle/input/datasets/andradaolteanu/gtzan-dataset-music-genre-classification/Data/genres_original/jazz/jazz.00077.wav,jazz,5,550
/kaggle/input/datasets/andradaolteanu/gtzan-dataset-music-genre-classification/Data/genres_original/reggae/reggae.00059.wav,reggae,8,868
/kaggle/input/datasets/andradaolteanu/gtzan-dataset-music-genre-classification/Data/genres_original/rock/rock.00088.wav,rock,9,994
/kaggle/input/datasets/andradaolteanu/gtzan-dataset-music-genre-classification/Data/genres_original/country/country.00021.wav,country,2,227
/kaggle/input/datasets/andradaolteanu/gtzan-dataset-music-genre-classification/Data/genres_original/blues/blues.00008.wav,blues,0,35
/kaggle/input/datasets/andradaolteanu/gtzan-dataset-music-genre-classification/Data/genres_original/classical/classical.00087.wav,classical,1,176
/kaggle/input/datasets/andradaolteanu/gtzan-dataset-music-genre-classification/Data/genres_original/rock/rock.00026.wav,rock,9,991
/kaggle/input/datasets/andradaolteanu/gtzan-dataset-music-genre-classification/Data/genres_original/pop/pop.00089.wav,pop,7,790
/kaggle/input/datasets/andradaolteanu/gtzan-dataset-music-genre-classification/Data/genres_original/disco/disco.00001.wav,disco,3,374
/kaggle/input/datasets/andradaolteanu/gtzan-dataset-music-genre-classification/Data/genres_original/country/country.00037.wav,country,2,214
/kaggle/input/datasets/andradaolteanu/gtzan-dataset-music-genre-classification/Data/genres_original/rock/rock.00044.wav,rock,9,945
/kaggle/input/datasets/andradaolteanu/gtzan-dataset-music-genre-classification/Data/genres_original/country/country.00070.wav,country,2,285
/kaggle/input/datasets/andradaolteanu/gtzan-dataset-music-genre-classification/Data/genres_original/reggae/reggae.00046.wav,reggae,8,859
/kaggle/input/datasets/andradaolteanu/gtzan-dataset-music-genre-classification/Data/genres_original/blues/blues.00035.wav,blues,0,26
/kaggle/input/datasets/andradaolteanu/gtzan-dataset-music-genre-classification/Data/genres_original/metal/metal.00046.wav,metal,6,668
/kaggle/input/datasets/andradaolteanu/gtzan-dataset-music-genre-classification/Data/genres_original/rock/rock.00006.wav,rock,9,989
/kaggle/input/datasets/andradaolteanu/gtzan-dataset-music-genre-classification/Data/genres_original/pop/pop.00091.wav,pop,7,742
/kaggle/input/datasets/andradaolteanu/gtzan-dataset-music-genre-classification/Data/genres_original/reggae/reggae.00009.wav,reggae,8,829
/kaggle/input/datasets/andradaolteanu/gtzan-dataset-music-genre-classification/Data/genres_original/hiphop/hiphop.00056.wav,hiphop,4,434
/kaggle/input/datasets/andradaolteanu/gtzan-dataset-music-genre-classification/Data/genres_original/hiphop/hiphop.00000.wav,hiphop,4,442
/kaggle/input/datasets/andradaolteanu/gtzan-dataset-music-genre-classification/Data/genres_original/jazz/jazz.00092.wav,jazz,5,556
/kaggle/input/datasets/andradaolteanu/gtzan-dataset-music-genre-classification/Data/genres_original/classical/classical.00056.wav,classical,1,116
/kaggle/input/datasets/andradaolteanu/gtzan-dataset-music-genre-classification/Data/genres_original/blues/blues.00075.wav,blues,0,34
/kaggle/input/datasets/andradaolteanu/gtzan-dataset-music-genre-classification/Data/genres_original/reggae/reggae.00053.wav,reggae,8,865
/kaggle/input/datasets/andradaolteanu/gtzan-dataset-music-genre-classification/Data/genres_original/classical/classical.00052.wav,classical,1,170
/kaggle/input/datasets/andradaolteanu/gtzan-dataset-music-genre-classification/Data/genres_original/reggae/reggae.00085.wav,reggae,8,863
/kaggle/input/datasets/andradaolteanu/gtzan-dataset-music-genre-classification/Data/genres_original/jazz/jazz.00099.wav,jazz,5,524
/kaggle/input/datasets/andradaolteanu/gtzan-dataset-music-genre-classification/Data/genres_original/classical/classical.00036.wav,classical,1,125
/kaggle/input/datasets/andradaolteanu/gtzan-dataset-music-genre-classification/Data/genres_original/jazz/jazz.00088.wav,jazz,5,510
/kaggle/input/datasets/andradaolteanu/gtzan-dataset-music-genre-classification/Data/genres_original/blues/blues.00026.wav,blues,0,44
/kaggle/input/datasets/andradaolteanu/gtzan-dataset-music-genre-classification/Data/genres_original/country/country.00032.wav,country,2,257
/kaggle/input/datasets/andradaolteanu/gtzan-dataset-music-genre-classification/Data/genres_original/hiphop/hiphop.00089.wav,hiphop,4,410
/kaggle/input/datasets/andradaolteanu/gtzan-dataset-music-genre-classification/Data/genres_original/disco/disco.00063.wav,disco,3,341
/kaggle/input/datasets/andradaolteanu/gtzan-dataset-music-genre-classification/Data/genres_original/disco/disco.00055.wav,disco,3,381
